[2026-04-27T07:09:22] STARTUP | condition=system starting
[2026-04-27T07:10:53] SHUTDOWN | condition=manual
[2026-04-27T07:19:28] STARTUP | condition=system starting
[2026-04-27T07:27:33] ANOMALY_DETECTED | 216.180.246.126 | condition=zscore=4.04 | rate=0.03>0.01 | error_surge | rate=0.03 | baseline=0.00
[2026-04-27T07:27:33] BAN | 216.180.246.126 | condition=zscore=4.04 | rate=0.03>0.01 | error_surge | rate=0.03 | baseline=0.00 | duration=600s
[2026-04-27T07:27:33] GLOBAL_ANOMALY | condition=global_zscore=4.04 | global_rate=0.03 | rate=0.03 | baseline=0.00
[2026-04-27T07:27:35] GLOBAL_ANOMALY | condition=global_zscore=6.35 | global_rate=0.05 | rate=0.05 | baseline=0.00
[2026-04-27T07:27:37] GLOBAL_ANOMALY | condition=global_zscore=8.66 | global_rate=0.07 | rate=0.07 | baseline=0.00
[2026-04-27T07:27:40] GLOBAL_ANOMALY | condition=global_zscore=10.97 | global_rate=0.08 | rate=0.08 | baseline=0.00
[2026-04-27T07:27:42] GLOBAL_ANOMALY | condition=global_zscore=13.28 | global_rate=0.10 | rate=0.10 | baseline=0.00
[2026-04-27T07:27:44] GLOBAL_ANOMALY | condition=global_zscore=15.59 | global_rate=0.12 | rate=0.12 | baseline=0.00
[2026-04-27T07:27:47] GLOBAL_ANOMALY | condition=global_zscore=17.90 | global_rate=0.13 | rate=0.13 | baseline=0.00
[2026-04-27T21:53:03] STARTUP | condition=system starting
[2026-04-27T21:59:17] SHUTDOWN | condition=manual
[2026-04-27T22:02:46] STARTUP | condition=system starting
[2026-04-27T22:08:54] SHUTDOWN | condition=manual
[2026-04-27T22:11:04] STARTUP | condition=system starting
[2026-04-27T22:49:29] ANOMALY_DETECTED | 172.18.0.1 | condition=rate=3.77>3.76 | rate=3.77 | baseline=0.75
[2026-04-27T22:49:29] BAN | 172.18.0.1 | condition=rate=3.77>3.76 | rate=3.77 | baseline=0.75 | duration=600s
[2026-04-27T22:49:29] GLOBAL_ANOMALY | condition=global_rate=3.77 | rate=3.77 | baseline=0.75
[2026-04-27T22:49:29] GLOBAL_ANOMALY | condition=global_rate=3.78 | rate=3.78 | baseline=0.75
[2026-04-27T22:49:29] GLOBAL_ANOMALY | condition=global_rate=3.80 | rate=3.80 | baseline=0.75
[2026-04-27T22:49:29] GLOBAL_ANOMALY | condition=global_rate=3.82 | rate=3.82 | baseline=0.75
[2026-04-27T22:49:29] GLOBAL_ANOMALY | condition=global_rate=3.83 | rate=3.83 | baseline=0.75
[2026-04-27T22:49:29] GLOBAL_ANOMALY | condition=global_rate=3.85 | rate=3.85 | baseline=0.75
[2026-04-27T22:49:29] GLOBAL_ANOMALY | condition=global_rate=3.87 | rate=3.87 | baseline=0.75
[2026-04-27T22:49:29] GLOBAL_ANOMALY | condition=global_rate=3.88 | rate=3.88 | baseline=0.75
[2026-04-27T22:49:29] GLOBAL_ANOMALY | condition=global_rate=3.90 | rate=3.90 | baseline=0.75
[2026-04-27T22:49:29] GLOBAL_ANOMALY | condition=global_rate=3.92 | rate=3.92 | baseline=0.75
[2026-04-27T22:49:29] GLOBAL_ANOMALY | condition=global_rate=3.93 | rate=3.93 | baseline=0.75
[2026-04-27T22:49:29] GLOBAL_ANOMALY | condition=global_rate=3.95 | rate=3.95 | baseline=0.75
[2026-04-27T22:49:29] GLOBAL_ANOMALY | condition=global_rate=3.97 | rate=3.97 | baseline=0.75
[2026-04-27T22:49:29] GLOBAL_ANOMALY | condition=global_rate=3.98 | rate=3.98 | baseline=0.75
[2026-04-27T22:49:29] GLOBAL_ANOMALY | condition=global_rate=4.00 | rate=4.00 | baseline=0.75
[2026-04-27T22:49:29] GLOBAL_ANOMALY | condition=global_rate=4.02 | rate=4.02 | baseline=0.75
[2026-04-27T22:49:29] GLOBAL_ANOMALY | condition=global_rate=4.03 | rate=4.03 | baseline=0.75
[2026-04-27T22:49:29] GLOBAL_ANOMALY | condition=global_rate=4.05 | rate=4.05 | baseline=0.75
[2026-04-27T22:49:29] GLOBAL_ANOMALY | condition=global_rate=4.07 | rate=4.07 | baseline=0.75
[2026-04-27T22:49:29] GLOBAL_ANOMALY | condition=global_rate=4.08 | rate=4.08 | baseline=0.75
[2026-04-27T22:49:29] GLOBAL_ANOMALY | condition=global_rate=4.10 | rate=4.10 | baseline=0.75
[2026-04-27T22:49:29] GLOBAL_ANOMALY | condition=global_rate=4.12 | rate=4.12 | baseline=0.75
[2026-04-27T22:49:29] GLOBAL_ANOMALY | condition=global_rate=4.13 | rate=4.13 | baseline=0.75
[2026-04-27T22:49:29] GLOBAL_ANOMALY | condition=global_rate=4.15 | rate=4.15 | baseline=0.75
[2026-04-27T22:49:29] GLOBAL_ANOMALY | condition=global_rate=4.17 | rate=4.17 | baseline=0.75
[2026-04-27T22:49:29] GLOBAL_ANOMALY | condition=global_rate=4.18 | rate=4.18 | baseline=0.75
[2026-04-27T22:49:29] GLOBAL_ANOMALY | condition=global_rate=4.20 | rate=4.20 | baseline=0.75
[2026-04-27T22:49:29] GLOBAL_ANOMALY | condition=global_rate=4.22 | rate=4.22 | baseline=0.75
[2026-04-27T22:49:29] GLOBAL_ANOMALY | condition=global_rate=4.23 | rate=4.23 | baseline=0.75
[2026-04-27T22:49:29] GLOBAL_ANOMALY | condition=global_rate=4.25 | rate=4.25 | baseline=0.75
[2026-04-27T22:49:29] GLOBAL_ANOMALY | condition=global_rate=4.27 | rate=4.27 | baseline=0.75
[2026-04-27T22:49:29] GLOBAL_ANOMALY | condition=global_rate=4.28 | rate=4.28 | baseline=0.75
[2026-04-27T22:49:29] GLOBAL_ANOMALY | condition=global_rate=4.30 | rate=4.30 | baseline=0.75
[2026-04-27T22:49:29] GLOBAL_ANOMALY | condition=global_rate=4.32 | rate=4.32 | baseline=0.75
[2026-04-27T22:49:29] GLOBAL_ANOMALY | condition=global_rate=4.33 | rate=4.33 | baseline=0.75
[2026-04-27T22:49:29] GLOBAL_ANOMALY | condition=global_rate=4.35 | rate=4.35 | baseline=0.75
[2026-04-27T22:49:29] GLOBAL_ANOMALY | condition=global_rate=4.37 | rate=4.37 | baseline=0.75
[2026-04-27T22:49:29] GLOBAL_ANOMALY | condition=global_rate=4.38 | rate=4.38 | baseline=0.75
[2026-04-27T22:49:29] GLOBAL_ANOMALY | condition=global_rate=4.40 | rate=4.40 | baseline=0.75
[2026-04-27T22:49:29] GLOBAL_ANOMALY | condition=global_rate=4.42 | rate=4.42 | baseline=0.75
[2026-04-27T22:49:29] GLOBAL_ANOMALY | condition=global_rate=4.43 | rate=4.43 | baseline=0.75
[2026-04-27T22:49:29] GLOBAL_ANOMALY | condition=global_rate=4.45 | rate=4.45 | baseline=0.75
[2026-04-27T22:49:29] GLOBAL_ANOMALY | condition=global_rate=4.47 | rate=4.47 | baseline=0.75
[2026-04-27T22:49:29] GLOBAL_ANOMALY | condition=global_rate=4.48 | rate=4.48 | baseline=0.75
[2026-04-27T22:49:29] GLOBAL_ANOMALY | condition=global_rate=4.50 | rate=4.50 | baseline=0.75
[2026-04-27T22:49:29] GLOBAL_ANOMALY | condition=global_rate=4.52 | rate=4.52 | baseline=0.75
[2026-04-27T22:49:29] GLOBAL_ANOMALY | condition=global_rate=4.53 | rate=4.53 | baseline=0.75
[2026-04-27T22:49:29] GLOBAL_ANOMALY | condition=global_rate=4.55 | rate=4.55 | baseline=0.75
[2026-04-27T22:49:29] GLOBAL_ANOMALY | condition=global_rate=4.57 | rate=4.57 | baseline=0.75
[2026-04-27T22:49:29] GLOBAL_ANOMALY | condition=global_rate=4.58 | rate=4.58 | baseline=0.75
[2026-04-27T22:49:29] GLOBAL_ANOMALY | condition=global_rate=4.60 | rate=4.60 | baseline=0.75
[2026-04-27T22:49:29] GLOBAL_ANOMALY | condition=global_rate=4.62 | rate=4.62 | baseline=0.75
[2026-04-27T22:49:29] GLOBAL_ANOMALY | condition=global_rate=4.63 | rate=4.63 | baseline=0.75
[2026-04-27T22:49:29] GLOBAL_ANOMALY | condition=global_rate=4.65 | rate=4.65 | baseline=0.75
[2026-04-27T22:49:29] GLOBAL_ANOMALY | condition=global_rate=4.67 | rate=4.67 | baseline=0.75
[2026-04-27T22:49:29] GLOBAL_ANOMALY | condition=global_rate=4.68 | rate=4.68 | baseline=0.75
[2026-04-27T22:49:29] GLOBAL_ANOMALY | condition=global_rate=4.70 | rate=4.70 | baseline=0.75
[2026-04-27T22:49:29] GLOBAL_ANOMALY | condition=global_rate=4.72 | rate=4.72 | baseline=0.75
[2026-04-27T22:49:29] GLOBAL_ANOMALY | condition=global_rate=4.73 | rate=4.73 | baseline=0.75
[2026-04-27T22:49:29] GLOBAL_ANOMALY | condition=global_rate=4.75 | rate=4.75 | baseline=0.75
[2026-04-27T22:49:29] GLOBAL_ANOMALY | condition=global_rate=4.77 | rate=4.77 | baseline=0.75
[2026-04-27T22:49:29] GLOBAL_ANOMALY | condition=global_rate=4.78 | rate=4.78 | baseline=0.75
[2026-04-27T22:49:29] GLOBAL_ANOMALY | condition=global_rate=4.80 | rate=4.80 | baseline=0.75
[2026-04-27T22:49:29] GLOBAL_ANOMALY | condition=global_rate=4.82 | rate=4.82 | baseline=0.75
[2026-04-27T22:49:29] GLOBAL_ANOMALY | condition=global_rate=4.83 | rate=4.83 | baseline=0.75
[2026-04-27T22:49:29] GLOBAL_ANOMALY | condition=global_rate=4.85 | rate=4.85 | baseline=0.75
[2026-04-27T22:49:29] GLOBAL_ANOMALY | condition=global_rate=4.87 | rate=4.87 | baseline=0.75
[2026-04-27T22:49:29] GLOBAL_ANOMALY | condition=global_rate=4.88 | rate=4.88 | baseline=0.75
[2026-04-27T22:49:29] GLOBAL_ANOMALY | condition=global_rate=4.90 | rate=4.90 | baseline=0.75
[2026-04-27T22:49:29] GLOBAL_ANOMALY | condition=global_rate=4.92 | rate=4.92 | baseline=0.75
[2026-04-27T22:49:29] GLOBAL_ANOMALY | condition=global_rate=4.93 | rate=4.93 | baseline=0.75
[2026-04-27T22:49:29] GLOBAL_ANOMALY | condition=global_rate=4.95 | rate=4.95 | baseline=0.75
[2026-04-27T22:49:29] GLOBAL_ANOMALY | condition=global_rate=4.97 | rate=4.97 | baseline=0.75
[2026-04-27T22:49:29] GLOBAL_ANOMALY | condition=global_rate=4.98 | rate=4.98 | baseline=0.75
[2026-04-27T22:49:29] GLOBAL_ANOMALY | condition=global_rate=5.00 | rate=5.00 | baseline=0.75
[2026-04-27T22:49:29] GLOBAL_ANOMALY | condition=global_rate=5.02 | rate=5.02 | baseline=0.75
[2026-04-27T22:49:29] GLOBAL_ANOMALY | condition=global_rate=5.03 | rate=5.03 | baseline=0.75
[2026-04-27T22:49:29] GLOBAL_ANOMALY | condition=global_rate=5.05 | rate=5.05 | baseline=0.75
[2026-04-27T22:49:30] GLOBAL_ANOMALY | condition=global_rate=5.07 | rate=5.07 | baseline=0.75
[2026-04-27T22:49:30] GLOBAL_ANOMALY | condition=global_rate=5.08 | rate=5.08 | baseline=0.75
[2026-04-27T22:49:30] GLOBAL_ANOMALY | condition=global_rate=5.10 | rate=5.10 | baseline=0.75
[2026-04-27T22:49:30] GLOBAL_ANOMALY | condition=global_rate=5.12 | rate=5.12 | baseline=0.75
[2026-04-27T22:49:30] GLOBAL_ANOMALY | condition=global_rate=5.13 | rate=5.13 | baseline=0.75
[2026-04-27T22:49:30] GLOBAL_ANOMALY | condition=global_rate=5.15 | rate=5.15 | baseline=0.75
[2026-04-27T22:49:30] GLOBAL_ANOMALY | condition=global_rate=5.17 | rate=5.17 | baseline=0.75
[2026-04-27T22:49:30] GLOBAL_ANOMALY | condition=global_rate=5.18 | rate=5.18 | baseline=0.75
[2026-04-27T22:49:30] GLOBAL_ANOMALY | condition=global_rate=5.20 | rate=5.20 | baseline=0.75
[2026-04-27T22:49:30] GLOBAL_ANOMALY | condition=global_rate=5.22 | rate=5.22 | baseline=0.75
[2026-04-27T22:49:30] GLOBAL_ANOMALY | condition=global_rate=5.23 | rate=5.23 | baseline=0.75
[2026-04-27T22:49:30] GLOBAL_ANOMALY | condition=global_rate=5.25 | rate=5.25 | baseline=0.75
[2026-04-27T22:49:30] GLOBAL_ANOMALY | condition=global_rate=5.27 | rate=5.27 | baseline=0.75
[2026-04-27T22:49:30] GLOBAL_ANOMALY | condition=global_rate=5.28 | rate=5.28 | baseline=0.75
[2026-04-27T22:49:30] GLOBAL_ANOMALY | condition=global_rate=5.30 | rate=5.30 | baseline=0.75
[2026-04-27T22:49:30] GLOBAL_ANOMALY | condition=global_rate=5.32 | rate=5.32 | baseline=0.75
[2026-04-27T22:49:30] GLOBAL_ANOMALY | condition=global_rate=5.33 | rate=5.33 | baseline=0.75
[2026-04-27T22:49:30] GLOBAL_ANOMALY | condition=global_rate=5.35 | rate=5.35 | baseline=0.75
[2026-04-27T22:49:30] GLOBAL_ANOMALY | condition=global_rate=5.37 | rate=5.37 | baseline=0.75
[2026-04-27T22:49:30] GLOBAL_ANOMALY | condition=global_rate=5.38 | rate=5.38 | baseline=0.75
[2026-04-27T22:49:30] GLOBAL_ANOMALY | condition=global_rate=5.40 | rate=5.40 | baseline=0.75
[2026-04-27T22:49:30] GLOBAL_ANOMALY | condition=global_rate=5.42 | rate=5.42 | baseline=0.75
[2026-04-27T22:49:30] GLOBAL_ANOMALY | condition=global_rate=5.43 | rate=5.43 | baseline=0.75
[2026-04-27T22:49:30] GLOBAL_ANOMALY | condition=global_rate=5.45 | rate=5.45 | baseline=0.75
[2026-04-27T22:49:30] GLOBAL_ANOMALY | condition=global_rate=5.47 | rate=5.47 | baseline=0.75
[2026-04-27T22:49:30] GLOBAL_ANOMALY | condition=global_rate=5.48 | rate=5.48 | baseline=0.75
[2026-04-27T22:49:30] GLOBAL_ANOMALY | condition=global_rate=5.50 | rate=5.50 | baseline=0.75
[2026-04-27T22:49:30] GLOBAL_ANOMALY | condition=global_rate=5.52 | rate=5.52 | baseline=0.75
[2026-04-27T22:49:30] GLOBAL_ANOMALY | condition=global_rate=5.53 | rate=5.53 | baseline=0.75
[2026-04-27T22:49:30] GLOBAL_ANOMALY | condition=global_rate=5.55 | rate=5.55 | baseline=0.75
[2026-04-27T22:49:30] GLOBAL_ANOMALY | condition=global_rate=5.57 | rate=5.57 | baseline=0.75
[2026-04-27T22:49:30] GLOBAL_ANOMALY | condition=global_rate=5.58 | rate=5.58 | baseline=0.75
[2026-04-27T22:49:30] GLOBAL_ANOMALY | condition=global_rate=5.60 | rate=5.60 | baseline=0.75
[2026-04-27T22:49:30] GLOBAL_ANOMALY | condition=global_rate=5.62 | rate=5.62 | baseline=0.75
[2026-04-27T22:49:30] GLOBAL_ANOMALY | condition=global_rate=5.63 | rate=5.63 | baseline=0.75
[2026-04-27T22:49:30] GLOBAL_ANOMALY | condition=global_rate=5.65 | rate=5.65 | baseline=0.75
[2026-04-27T22:49:30] GLOBAL_ANOMALY | condition=global_rate=5.67 | rate=5.67 | baseline=0.75
[2026-04-27T22:49:30] GLOBAL_ANOMALY | condition=global_rate=5.68 | rate=5.68 | baseline=0.75
[2026-04-27T22:49:30] GLOBAL_ANOMALY | condition=global_rate=5.70 | rate=5.70 | baseline=0.75
[2026-04-27T22:49:30] GLOBAL_ANOMALY | condition=global_rate=5.72 | rate=5.72 | baseline=0.75
[2026-04-27T22:49:30] GLOBAL_ANOMALY | condition=global_rate=5.73 | rate=5.73 | baseline=0.75
[2026-04-27T22:49:30] GLOBAL_ANOMALY | condition=global_rate=5.75 | rate=5.75 | baseline=0.75
[2026-04-27T22:49:30] GLOBAL_ANOMALY | condition=global_rate=5.77 | rate=5.77 | baseline=0.75
[2026-04-27T22:49:30] GLOBAL_ANOMALY | condition=global_rate=5.78 | rate=5.78 | baseline=0.75
[2026-04-27T22:49:30] GLOBAL_ANOMALY | condition=global_rate=5.80 | rate=5.80 | baseline=0.75
[2026-04-27T22:49:30] GLOBAL_ANOMALY | condition=global_rate=5.82 | rate=5.82 | baseline=0.75
[2026-04-27T22:49:30] GLOBAL_ANOMALY | condition=global_rate=5.83 | rate=5.83 | baseline=0.75
[2026-04-27T22:49:30] GLOBAL_ANOMALY | condition=global_rate=5.85 | rate=5.85 | baseline=0.75
[2026-04-27T22:49:30] GLOBAL_ANOMALY | condition=global_rate=5.87 | rate=5.87 | baseline=0.75
[2026-04-27T22:49:30] GLOBAL_ANOMALY | condition=global_rate=5.88 | rate=5.88 | baseline=0.75
[2026-04-27T22:49:30] GLOBAL_ANOMALY | condition=global_rate=5.90 | rate=5.90 | baseline=0.75
[2026-04-27T22:49:30] GLOBAL_ANOMALY | condition=global_rate=5.92 | rate=5.92 | baseline=0.75
[2026-04-27T22:49:30] GLOBAL_ANOMALY | condition=global_rate=5.93 | rate=5.93 | baseline=0.75
[2026-04-27T22:49:30] GLOBAL_ANOMALY | condition=global_rate=5.95 | rate=5.95 | baseline=0.75
[2026-04-27T22:49:30] GLOBAL_ANOMALY | condition=global_rate=5.97 | rate=5.97 | baseline=0.75
[2026-04-27T22:49:30] GLOBAL_ANOMALY | condition=global_rate=5.98 | rate=5.98 | baseline=0.75
[2026-04-27T22:49:30] GLOBAL_ANOMALY | condition=global_rate=6.00 | rate=6.00 | baseline=0.75
[2026-04-27T22:49:30] GLOBAL_ANOMALY | condition=global_rate=6.02 | rate=6.02 | baseline=0.75
[2026-04-27T22:49:30] GLOBAL_ANOMALY | condition=global_rate=6.03 | rate=6.03 | baseline=0.75
[2026-04-27T22:49:30] GLOBAL_ANOMALY | condition=global_rate=6.05 | rate=6.05 | baseline=0.75
[2026-04-27T22:49:30] GLOBAL_ANOMALY | condition=global_rate=6.07 | rate=6.07 | baseline=0.75
[2026-04-27T22:49:30] GLOBAL_ANOMALY | condition=global_rate=6.08 | rate=6.08 | baseline=0.75
[2026-04-27T22:49:30] GLOBAL_ANOMALY | condition=global_rate=6.10 | rate=6.10 | baseline=0.75
[2026-04-27T22:49:30] GLOBAL_ANOMALY | condition=global_rate=6.12 | rate=6.12 | baseline=0.75
[2026-04-27T22:49:30] GLOBAL_ANOMALY | condition=global_rate=6.13 | rate=6.13 | baseline=0.75
[2026-04-27T22:49:30] GLOBAL_ANOMALY | condition=global_rate=6.15 | rate=6.15 | baseline=0.75
[2026-04-27T22:49:30] GLOBAL_ANOMALY | condition=global_rate=6.17 | rate=6.17 | baseline=0.75
[2026-04-27T22:49:30] GLOBAL_ANOMALY | condition=global_rate=6.18 | rate=6.18 | baseline=0.75
[2026-04-27T22:49:30] GLOBAL_ANOMALY | condition=global_rate=6.20 | rate=6.20 | baseline=0.75
[2026-04-27T22:49:30] GLOBAL_ANOMALY | condition=global_rate=6.22 | rate=6.22 | baseline=0.75
[2026-04-27T22:49:30] GLOBAL_ANOMALY | condition=global_rate=6.23 | rate=6.23 | baseline=0.75
[2026-04-27T22:49:30] GLOBAL_ANOMALY | condition=global_rate=6.25 | rate=6.25 | baseline=0.75
[2026-04-27T22:49:30] GLOBAL_ANOMALY | condition=global_rate=6.27 | rate=6.27 | baseline=0.75
[2026-04-27T22:49:30] GLOBAL_ANOMALY | condition=global_rate=6.28 | rate=6.28 | baseline=0.75
[2026-04-27T22:49:30] GLOBAL_ANOMALY | condition=global_rate=6.30 | rate=6.30 | baseline=0.75
[2026-04-27T22:49:30] GLOBAL_ANOMALY | condition=global_rate=6.32 | rate=6.32 | baseline=0.75
[2026-04-27T22:49:30] GLOBAL_ANOMALY | condition=global_rate=6.33 | rate=6.33 | baseline=0.75
[2026-04-27T22:49:31] GLOBAL_ANOMALY | condition=global_rate=6.35 | rate=6.35 | baseline=0.75
[2026-04-27T22:49:31] GLOBAL_ANOMALY | condition=global_rate=6.37 | rate=6.37 | baseline=0.75
[2026-04-27T22:49:31] GLOBAL_ANOMALY | condition=global_rate=6.38 | rate=6.38 | baseline=0.75
[2026-04-27T22:49:31] GLOBAL_ANOMALY | condition=global_rate=6.40 | rate=6.40 | baseline=0.75
[2026-04-27T22:49:31] GLOBAL_ANOMALY | condition=global_rate=6.42 | rate=6.42 | baseline=0.75
[2026-04-27T22:49:31] GLOBAL_ANOMALY | condition=global_rate=6.43 | rate=6.43 | baseline=0.75
[2026-04-27T22:49:31] GLOBAL_ANOMALY | condition=global_rate=6.45 | rate=6.45 | baseline=0.75
[2026-04-27T22:49:31] GLOBAL_ANOMALY | condition=global_rate=6.47 | rate=6.47 | baseline=0.75
[2026-04-27T22:49:31] GLOBAL_ANOMALY | condition=global_rate=6.48 | rate=6.48 | baseline=0.75
[2026-04-27T22:49:31] GLOBAL_ANOMALY | condition=global_rate=6.50 | rate=6.50 | baseline=0.75
[2026-04-27T22:49:31] GLOBAL_ANOMALY | condition=global_rate=6.52 | rate=6.52 | baseline=0.75
[2026-04-27T22:49:31] GLOBAL_ANOMALY | condition=global_rate=6.53 | rate=6.53 | baseline=0.75
[2026-04-27T22:49:31] GLOBAL_ANOMALY | condition=global_rate=6.55 | rate=6.55 | baseline=0.75
[2026-04-27T22:49:31] GLOBAL_ANOMALY | condition=global_rate=6.57 | rate=6.57 | baseline=0.75
[2026-04-27T22:49:31] GLOBAL_ANOMALY | condition=global_rate=6.58 | rate=6.58 | baseline=0.75
[2026-04-27T22:49:31] GLOBAL_ANOMALY | condition=global_rate=6.60 | rate=6.60 | baseline=0.75
[2026-04-27T22:49:31] GLOBAL_ANOMALY | condition=global_rate=6.62 | rate=6.62 | baseline=0.75
[2026-04-27T22:49:31] GLOBAL_ANOMALY | condition=global_rate=6.63 | rate=6.63 | baseline=0.75
[2026-04-27T22:49:31] GLOBAL_ANOMALY | condition=global_rate=6.65 | rate=6.65 | baseline=0.75
[2026-04-27T22:49:31] GLOBAL_ANOMALY | condition=global_rate=6.67 | rate=6.67 | baseline=0.75
[2026-04-27T22:49:31] GLOBAL_ANOMALY | condition=global_rate=6.68 | rate=6.68 | baseline=0.75
[2026-04-27T22:49:31] GLOBAL_ANOMALY | condition=global_rate=6.70 | rate=6.70 | baseline=0.75
[2026-04-27T22:49:31] GLOBAL_ANOMALY | condition=global_rate=6.72 | rate=6.72 | baseline=0.75
[2026-04-27T22:49:31] GLOBAL_ANOMALY | condition=global_rate=6.73 | rate=6.73 | baseline=0.75
[2026-04-27T22:49:31] GLOBAL_ANOMALY | condition=global_rate=6.75 | rate=6.75 | baseline=0.75
[2026-04-27T22:49:31] GLOBAL_ANOMALY | condition=global_rate=6.77 | rate=6.77 | baseline=0.75
[2026-04-27T22:49:31] GLOBAL_ANOMALY | condition=global_rate=6.78 | rate=6.78 | baseline=0.75
[2026-04-27T22:49:31] GLOBAL_ANOMALY | condition=global_rate=6.80 | rate=6.80 | baseline=0.75
[2026-04-27T22:49:31] GLOBAL_ANOMALY | condition=global_rate=6.82 | rate=6.82 | baseline=0.75
[2026-04-27T22:49:31] GLOBAL_ANOMALY | condition=global_rate=6.83 | rate=6.83 | baseline=0.75
[2026-04-27T22:49:31] GLOBAL_ANOMALY | condition=global_rate=6.85 | rate=6.85 | baseline=0.75
[2026-04-27T22:49:31] GLOBAL_ANOMALY | condition=global_rate=6.87 | rate=6.87 | baseline=0.75
[2026-04-27T22:49:31] GLOBAL_ANOMALY | condition=global_rate=6.88 | rate=6.88 | baseline=0.75
[2026-04-27T22:49:31] GLOBAL_ANOMALY | condition=global_rate=6.90 | rate=6.90 | baseline=0.75
[2026-04-27T22:49:31] GLOBAL_ANOMALY | condition=global_rate=6.92 | rate=6.92 | baseline=0.75
[2026-04-27T22:49:31] GLOBAL_ANOMALY | condition=global_rate=6.93 | rate=6.93 | baseline=0.75
[2026-04-27T22:49:31] GLOBAL_ANOMALY | condition=global_rate=6.95 | rate=6.95 | baseline=0.75
[2026-04-27T22:49:31] GLOBAL_ANOMALY | condition=global_rate=6.97 | rate=6.97 | baseline=0.75
[2026-04-27T22:49:31] GLOBAL_ANOMALY | condition=global_rate=6.98 | rate=6.98 | baseline=0.75
[2026-04-27T22:49:31] GLOBAL_ANOMALY | condition=global_rate=7.00 | rate=7.00 | baseline=0.75
[2026-04-27T22:49:31] GLOBAL_ANOMALY | condition=global_rate=7.02 | rate=7.02 | baseline=0.75
[2026-04-27T22:49:31] GLOBAL_ANOMALY | condition=global_rate=7.03 | rate=7.03 | baseline=0.75
[2026-04-27T22:49:31] GLOBAL_ANOMALY | condition=global_rate=7.05 | rate=7.05 | baseline=0.75
[2026-04-27T22:49:31] GLOBAL_ANOMALY | condition=global_rate=7.07 | rate=7.07 | baseline=0.75
[2026-04-27T22:49:31] GLOBAL_ANOMALY | condition=global_rate=7.08 | rate=7.08 | baseline=0.75
[2026-04-27T22:49:31] GLOBAL_ANOMALY | condition=global_rate=7.10 | rate=7.10 | baseline=0.75
[2026-04-27T22:49:31] GLOBAL_ANOMALY | condition=global_rate=7.12 | rate=7.12 | baseline=0.75
[2026-04-27T22:49:31] GLOBAL_ANOMALY | condition=global_rate=7.13 | rate=7.13 | baseline=0.75
[2026-04-27T22:49:31] GLOBAL_ANOMALY | condition=global_rate=7.15 | rate=7.15 | baseline=0.75
[2026-04-27T22:49:31] GLOBAL_ANOMALY | condition=global_rate=7.17 | rate=7.17 | baseline=0.75
[2026-04-27T22:49:31] GLOBAL_ANOMALY | condition=global_rate=7.18 | rate=7.18 | baseline=0.75
[2026-04-27T22:49:31] GLOBAL_ANOMALY | condition=global_rate=7.20 | rate=7.20 | baseline=0.75
[2026-04-27T22:49:31] GLOBAL_ANOMALY | condition=global_rate=7.22 | rate=7.22 | baseline=0.75
[2026-04-27T22:49:31] GLOBAL_ANOMALY | condition=global_rate=7.23 | rate=7.23 | baseline=0.75
[2026-04-27T22:49:31] GLOBAL_ANOMALY | condition=global_rate=7.25 | rate=7.25 | baseline=0.75
[2026-04-27T22:49:31] GLOBAL_ANOMALY | condition=global_rate=7.27 | rate=7.27 | baseline=0.75
[2026-04-27T22:49:31] GLOBAL_ANOMALY | condition=global_rate=7.28 | rate=7.28 | baseline=0.75
[2026-04-27T22:49:31] GLOBAL_ANOMALY | condition=global_rate=7.30 | rate=7.30 | baseline=0.75
[2026-04-27T22:49:31] GLOBAL_ANOMALY | condition=global_rate=7.32 | rate=7.32 | baseline=0.75
[2026-04-27T22:49:31] GLOBAL_ANOMALY | condition=global_rate=7.33 | rate=7.33 | baseline=0.75
[2026-04-27T22:49:31] GLOBAL_ANOMALY | condition=global_rate=7.35 | rate=7.35 | baseline=0.75
[2026-04-27T22:49:31] GLOBAL_ANOMALY | condition=global_rate=7.37 | rate=7.37 | baseline=0.75
[2026-04-27T22:49:31] GLOBAL_ANOMALY | condition=global_rate=7.38 | rate=7.38 | baseline=0.75
[2026-04-27T22:49:31] GLOBAL_ANOMALY | condition=global_rate=7.40 | rate=7.40 | baseline=0.75
[2026-04-27T22:49:31] GLOBAL_ANOMALY | condition=global_rate=7.42 | rate=7.42 | baseline=0.75
[2026-04-27T22:49:31] GLOBAL_ANOMALY | condition=global_rate=7.43 | rate=7.43 | baseline=0.75
[2026-04-27T22:49:31] GLOBAL_ANOMALY | condition=global_rate=7.45 | rate=7.45 | baseline=0.75
[2026-04-27T22:49:31] GLOBAL_ANOMALY | condition=global_rate=7.47 | rate=7.47 | baseline=0.75
[2026-04-27T22:49:31] GLOBAL_ANOMALY | condition=global_rate=7.48 | rate=7.48 | baseline=0.75
[2026-04-27T22:49:31] GLOBAL_ANOMALY | condition=global_rate=7.50 | rate=7.50 | baseline=0.75
[2026-04-27T22:49:31] GLOBAL_ANOMALY | condition=global_rate=7.52 | rate=7.52 | baseline=0.75
[2026-04-27T22:49:31] GLOBAL_ANOMALY | condition=global_rate=7.53 | rate=7.53 | baseline=0.75
[2026-04-27T22:49:31] GLOBAL_ANOMALY | condition=global_rate=7.55 | rate=7.55 | baseline=0.75
[2026-04-27T22:49:31] GLOBAL_ANOMALY | condition=global_rate=7.57 | rate=7.57 | baseline=0.75
[2026-04-27T22:49:31] GLOBAL_ANOMALY | condition=global_rate=7.58 | rate=7.58 | baseline=0.75
[2026-04-27T22:49:31] GLOBAL_ANOMALY | condition=global_rate=7.60 | rate=7.60 | baseline=0.75
[2026-04-27T22:49:32] GLOBAL_ANOMALY | condition=global_rate=7.62 | rate=7.62 | baseline=0.75
[2026-04-27T22:49:32] GLOBAL_ANOMALY | condition=global_rate=7.63 | rate=7.63 | baseline=0.75
[2026-04-27T22:49:32] GLOBAL_ANOMALY | condition=global_rate=7.65 | rate=7.65 | baseline=0.75
[2026-04-27T22:49:32] GLOBAL_ANOMALY | condition=global_rate=7.67 | rate=7.67 | baseline=0.75
[2026-04-27T22:49:32] GLOBAL_ANOMALY | condition=global_rate=7.68 | rate=7.68 | baseline=0.75
[2026-04-27T22:49:32] GLOBAL_ANOMALY | condition=global_rate=7.70 | rate=7.70 | baseline=0.75
[2026-04-27T22:49:32] GLOBAL_ANOMALY | condition=global_rate=7.72 | rate=7.72 | baseline=0.75
[2026-04-27T22:49:32] GLOBAL_ANOMALY | condition=global_rate=7.73 | rate=7.73 | baseline=0.75
[2026-04-27T22:49:32] GLOBAL_ANOMALY | condition=global_rate=7.75 | rate=7.75 | baseline=0.75
[2026-04-27T22:49:32] GLOBAL_ANOMALY | condition=global_rate=7.77 | rate=7.77 | baseline=0.75
[2026-04-27T22:49:32] GLOBAL_ANOMALY | condition=global_rate=7.78 | rate=7.78 | baseline=0.75
[2026-04-27T22:49:32] GLOBAL_ANOMALY | condition=global_rate=7.80 | rate=7.80 | baseline=0.75
[2026-04-27T22:49:32] GLOBAL_ANOMALY | condition=global_rate=7.82 | rate=7.82 | baseline=0.75
[2026-04-27T22:49:32] GLOBAL_ANOMALY | condition=global_rate=7.83 | rate=7.83 | baseline=0.75
[2026-04-27T22:49:32] GLOBAL_ANOMALY | condition=global_rate=7.85 | rate=7.85 | baseline=0.75
[2026-04-27T22:49:32] GLOBAL_ANOMALY | condition=global_rate=7.87 | rate=7.87 | baseline=0.75
[2026-04-27T22:49:32] GLOBAL_ANOMALY | condition=global_rate=7.88 | rate=7.88 | baseline=0.75
[2026-04-27T22:49:32] GLOBAL_ANOMALY | condition=global_rate=7.90 | rate=7.90 | baseline=0.75
[2026-04-27T22:49:32] GLOBAL_ANOMALY | condition=global_rate=7.92 | rate=7.92 | baseline=0.75
[2026-04-27T22:49:32] GLOBAL_ANOMALY | condition=global_rate=7.93 | rate=7.93 | baseline=0.75
[2026-04-27T22:49:32] GLOBAL_ANOMALY | condition=global_rate=7.95 | rate=7.95 | baseline=0.75
[2026-04-27T22:49:32] GLOBAL_ANOMALY | condition=global_rate=7.97 | rate=7.97 | baseline=0.75
[2026-04-27T22:49:32] GLOBAL_ANOMALY | condition=global_rate=7.98 | rate=7.98 | baseline=0.75
[2026-04-27T22:49:32] GLOBAL_ANOMALY | condition=global_rate=8.00 | rate=8.00 | baseline=0.75
[2026-04-27T22:49:32] GLOBAL_ANOMALY | condition=global_rate=8.02 | rate=8.02 | baseline=0.75
[2026-04-27T22:49:32] GLOBAL_ANOMALY | condition=global_rate=8.03 | rate=8.03 | baseline=0.75
[2026-04-27T22:49:32] GLOBAL_ANOMALY | condition=global_rate=8.05 | rate=8.05 | baseline=0.75
[2026-04-27T22:49:32] GLOBAL_ANOMALY | condition=global_rate=8.07 | rate=8.07 | baseline=0.75
[2026-04-27T22:49:32] GLOBAL_ANOMALY | condition=global_rate=8.08 | rate=8.08 | baseline=0.75
[2026-04-27T22:49:32] GLOBAL_ANOMALY | condition=global_rate=8.10 | rate=8.10 | baseline=0.75
[2026-04-27T22:49:32] GLOBAL_ANOMALY | condition=global_rate=8.12 | rate=8.12 | baseline=0.75
[2026-04-27T22:49:32] GLOBAL_ANOMALY | condition=global_rate=8.13 | rate=8.13 | baseline=0.75
[2026-04-27T22:49:32] GLOBAL_ANOMALY | condition=global_rate=8.15 | rate=8.15 | baseline=0.75
[2026-04-27T22:49:32] GLOBAL_ANOMALY | condition=global_rate=8.17 | rate=8.17 | baseline=0.75
[2026-04-27T22:49:32] GLOBAL_ANOMALY | condition=global_rate=8.18 | rate=8.18 | baseline=0.75
[2026-04-27T22:49:32] GLOBAL_ANOMALY | condition=global_rate=8.20 | rate=8.20 | baseline=0.75
[2026-04-27T22:49:32] GLOBAL_ANOMALY | condition=global_rate=8.22 | rate=8.22 | baseline=0.75
[2026-04-27T22:49:32] GLOBAL_ANOMALY | condition=global_rate=8.23 | rate=8.23 | baseline=0.75
[2026-04-27T22:49:32] GLOBAL_ANOMALY | condition=global_rate=8.25 | rate=8.25 | baseline=0.75
[2026-04-27T22:49:32] GLOBAL_ANOMALY | condition=global_rate=8.27 | rate=8.27 | baseline=0.75
[2026-04-27T22:49:32] GLOBAL_ANOMALY | condition=global_rate=8.28 | rate=8.28 | baseline=0.75
[2026-04-27T22:49:32] GLOBAL_ANOMALY | condition=global_rate=8.30 | rate=8.30 | baseline=0.75
[2026-04-27T22:49:32] GLOBAL_ANOMALY | condition=global_rate=8.32 | rate=8.32 | baseline=0.75
[2026-04-27T22:49:32] GLOBAL_ANOMALY | condition=global_rate=8.33 | rate=8.33 | baseline=0.75
[2026-04-27T22:49:32] GLOBAL_ANOMALY | condition=global_rate=8.35 | rate=8.35 | baseline=0.75
[2026-04-27T22:49:32] GLOBAL_ANOMALY | condition=global_rate=8.37 | rate=8.37 | baseline=0.75
[2026-04-27T22:49:32] GLOBAL_ANOMALY | condition=global_rate=8.38 | rate=8.38 | baseline=0.75
[2026-04-27T22:49:32] GLOBAL_ANOMALY | condition=global_rate=8.40 | rate=8.40 | baseline=0.75
[2026-04-27T22:49:32] GLOBAL_ANOMALY | condition=global_rate=8.42 | rate=8.42 | baseline=0.75
[2026-04-27T22:49:32] GLOBAL_ANOMALY | condition=global_rate=8.43 | rate=8.43 | baseline=0.75
[2026-04-27T22:49:32] GLOBAL_ANOMALY | condition=global_rate=8.45 | rate=8.45 | baseline=0.75
[2026-04-27T22:49:32] GLOBAL_ANOMALY | condition=global_rate=8.47 | rate=8.47 | baseline=0.75
[2026-04-27T22:49:32] GLOBAL_ANOMALY | condition=global_rate=8.48 | rate=8.48 | baseline=0.75
[2026-04-27T22:49:32] GLOBAL_ANOMALY | condition=global_rate=8.50 | rate=8.50 | baseline=0.75
[2026-04-27T22:49:32] GLOBAL_ANOMALY | condition=global_rate=8.52 | rate=8.52 | baseline=0.75
[2026-04-27T22:49:32] GLOBAL_ANOMALY | condition=global_rate=8.53 | rate=8.53 | baseline=0.75
[2026-04-27T22:49:32] GLOBAL_ANOMALY | condition=global_rate=8.55 | rate=8.55 | baseline=0.75
[2026-04-27T22:49:32] GLOBAL_ANOMALY | condition=global_rate=8.57 | rate=8.57 | baseline=0.75
[2026-04-27T22:49:32] GLOBAL_ANOMALY | condition=global_rate=8.58 | rate=8.58 | baseline=0.75
[2026-04-27T22:49:32] GLOBAL_ANOMALY | condition=global_rate=8.60 | rate=8.60 | baseline=0.75
[2026-04-27T22:49:32] GLOBAL_ANOMALY | condition=global_rate=8.62 | rate=8.62 | baseline=0.75
[2026-04-27T22:49:32] GLOBAL_ANOMALY | condition=global_rate=8.63 | rate=8.63 | baseline=0.75
[2026-04-27T22:49:32] GLOBAL_ANOMALY | condition=global_rate=8.65 | rate=8.65 | baseline=0.75
[2026-04-27T22:49:32] GLOBAL_ANOMALY | condition=global_rate=8.67 | rate=8.67 | baseline=0.75
[2026-04-27T22:49:32] GLOBAL_ANOMALY | condition=global_rate=8.68 | rate=8.68 | baseline=0.75
[2026-04-27T22:49:32] GLOBAL_ANOMALY | condition=global_rate=8.70 | rate=8.70 | baseline=0.75
[2026-04-27T22:49:32] GLOBAL_ANOMALY | condition=global_rate=8.72 | rate=8.72 | baseline=0.75
[2026-04-27T22:49:32] GLOBAL_ANOMALY | condition=global_rate=8.73 | rate=8.73 | baseline=0.75
[2026-04-27T22:49:32] GLOBAL_ANOMALY | condition=global_rate=8.75 | rate=8.75 | baseline=0.75
[2026-04-27T22:49:32] GLOBAL_ANOMALY | condition=global_rate=8.77 | rate=8.77 | baseline=0.75
[2026-04-27T22:49:32] GLOBAL_ANOMALY | condition=global_rate=8.78 | rate=8.78 | baseline=0.75
[2026-04-27T22:49:32] GLOBAL_ANOMALY | condition=global_rate=8.80 | rate=8.80 | baseline=0.75
[2026-04-27T22:49:32] GLOBAL_ANOMALY | condition=global_rate=8.82 | rate=8.82 | baseline=0.75
[2026-04-27T22:49:32] GLOBAL_ANOMALY | condition=global_rate=8.83 | rate=8.83 | baseline=0.75
[2026-04-27T22:49:32] GLOBAL_ANOMALY | condition=global_rate=8.85 | rate=8.85 | baseline=0.75
[2026-04-27T22:49:32] GLOBAL_ANOMALY | condition=global_rate=8.87 | rate=8.87 | baseline=0.75
[2026-04-27T22:49:32] GLOBAL_ANOMALY | condition=global_rate=8.88 | rate=8.88 | baseline=0.75
[2026-04-27T22:49:32] GLOBAL_ANOMALY | condition=global_rate=8.90 | rate=8.90 | baseline=0.75
[2026-04-27T22:49:32] GLOBAL_ANOMALY | condition=global_rate=8.92 | rate=8.92 | baseline=0.75
[2026-04-27T22:49:32] GLOBAL_ANOMALY | condition=global_rate=8.93 | rate=8.93 | baseline=0.75
[2026-04-27T22:49:32] GLOBAL_ANOMALY | condition=global_rate=8.95 | rate=8.95 | baseline=0.75
[2026-04-27T22:49:32] GLOBAL_ANOMALY | condition=global_rate=8.97 | rate=8.97 | baseline=0.75
[2026-04-27T22:49:32] GLOBAL_ANOMALY | condition=global_rate=8.98 | rate=8.98 | baseline=0.75
[2026-04-27T22:49:32] GLOBAL_ANOMALY | condition=global_rate=9.00 | rate=9.00 | baseline=0.75
[2026-04-27T22:49:33] GLOBAL_ANOMALY | condition=global_rate=9.02 | rate=9.02 | baseline=0.75
[2026-04-27T22:49:33] GLOBAL_ANOMALY | condition=global_rate=9.03 | rate=9.03 | baseline=0.75
[2026-04-27T22:49:33] GLOBAL_ANOMALY | condition=global_rate=9.05 | rate=9.05 | baseline=0.75
[2026-04-27T22:49:33] GLOBAL_ANOMALY | condition=global_rate=9.07 | rate=9.07 | baseline=0.75
[2026-04-27T22:49:33] GLOBAL_ANOMALY | condition=global_rate=9.08 | rate=9.08 | baseline=0.75
[2026-04-27T22:49:33] GLOBAL_ANOMALY | condition=global_rate=9.10 | rate=9.10 | baseline=0.75
[2026-04-27T22:49:33] GLOBAL_ANOMALY | condition=global_rate=9.12 | rate=9.12 | baseline=0.75
[2026-04-27T22:49:33] GLOBAL_ANOMALY | condition=global_rate=9.13 | rate=9.13 | baseline=0.75
[2026-04-27T22:49:33] GLOBAL_ANOMALY | condition=global_rate=9.15 | rate=9.15 | baseline=0.75
[2026-04-27T22:49:33] GLOBAL_ANOMALY | condition=global_rate=9.17 | rate=9.17 | baseline=0.75
[2026-04-27T22:49:33] GLOBAL_ANOMALY | condition=global_rate=9.18 | rate=9.18 | baseline=0.75
[2026-04-27T22:49:33] GLOBAL_ANOMALY | condition=global_rate=9.20 | rate=9.20 | baseline=0.75
[2026-04-27T22:49:33] GLOBAL_ANOMALY | condition=global_rate=9.22 | rate=9.22 | baseline=0.75
[2026-04-27T22:49:33] GLOBAL_ANOMALY | condition=global_rate=9.23 | rate=9.23 | baseline=0.75
[2026-04-27T22:49:33] GLOBAL_ANOMALY | condition=global_rate=9.25 | rate=9.25 | baseline=0.75
[2026-04-27T22:49:33] GLOBAL_ANOMALY | condition=global_rate=9.27 | rate=9.27 | baseline=0.75
[2026-04-27T22:49:33] GLOBAL_ANOMALY | condition=global_rate=9.28 | rate=9.28 | baseline=0.75
[2026-04-27T22:49:33] GLOBAL_ANOMALY | condition=global_rate=9.30 | rate=9.30 | baseline=0.75
[2026-04-27T22:49:33] GLOBAL_ANOMALY | condition=global_rate=9.32 | rate=9.32 | baseline=0.75
[2026-04-27T22:49:33] GLOBAL_ANOMALY | condition=global_rate=9.33 | rate=9.33 | baseline=0.75
[2026-04-27T22:49:33] GLOBAL_ANOMALY | condition=global_rate=9.35 | rate=9.35 | baseline=0.75
[2026-04-27T22:49:33] GLOBAL_ANOMALY | condition=global_rate=9.37 | rate=9.37 | baseline=0.75
[2026-04-27T22:49:33] GLOBAL_ANOMALY | condition=global_rate=9.38 | rate=9.38 | baseline=0.75
[2026-04-27T22:49:33] GLOBAL_ANOMALY | condition=global_rate=9.40 | rate=9.40 | baseline=0.75
[2026-04-27T22:49:33] GLOBAL_ANOMALY | condition=global_rate=9.42 | rate=9.42 | baseline=0.75
[2026-04-27T22:49:33] GLOBAL_ANOMALY | condition=global_rate=9.43 | rate=9.43 | baseline=0.75
[2026-04-27T22:49:33] GLOBAL_ANOMALY | condition=global_rate=9.45 | rate=9.45 | baseline=0.75
[2026-04-27T22:49:33] GLOBAL_ANOMALY | condition=global_rate=9.47 | rate=9.47 | baseline=0.75
[2026-04-27T22:49:33] GLOBAL_ANOMALY | condition=global_rate=9.48 | rate=9.48 | baseline=0.75
[2026-04-27T22:49:33] GLOBAL_ANOMALY | condition=global_rate=9.50 | rate=9.50 | baseline=0.75
[2026-04-27T22:49:33] GLOBAL_ANOMALY | condition=global_rate=9.52 | rate=9.52 | baseline=0.75
[2026-04-27T22:49:33] GLOBAL_ANOMALY | condition=global_rate=9.53 | rate=9.53 | baseline=0.75
[2026-04-27T22:49:33] GLOBAL_ANOMALY | condition=global_rate=9.55 | rate=9.55 | baseline=0.75
[2026-04-27T22:49:33] GLOBAL_ANOMALY | condition=global_rate=9.57 | rate=9.57 | baseline=0.75
[2026-04-27T22:49:33] GLOBAL_ANOMALY | condition=global_rate=9.58 | rate=9.58 | baseline=0.75
[2026-04-27T22:49:33] GLOBAL_ANOMALY | condition=global_rate=9.60 | rate=9.60 | baseline=0.75
[2026-04-27T22:49:33] GLOBAL_ANOMALY | condition=global_rate=9.62 | rate=9.62 | baseline=0.75
[2026-04-27T22:49:33] GLOBAL_ANOMALY | condition=global_rate=9.63 | rate=9.63 | baseline=0.75
[2026-04-27T22:49:33] GLOBAL_ANOMALY | condition=global_rate=9.65 | rate=9.65 | baseline=0.75
[2026-04-27T22:49:33] GLOBAL_ANOMALY | condition=global_rate=9.67 | rate=9.67 | baseline=0.75
[2026-04-27T22:49:33] GLOBAL_ANOMALY | condition=global_rate=9.68 | rate=9.68 | baseline=0.75
[2026-04-27T22:49:33] GLOBAL_ANOMALY | condition=global_rate=9.70 | rate=9.70 | baseline=0.75
[2026-04-27T22:49:33] GLOBAL_ANOMALY | condition=global_rate=9.72 | rate=9.72 | baseline=0.75
[2026-04-27T22:49:33] GLOBAL_ANOMALY | condition=global_rate=9.73 | rate=9.73 | baseline=0.75
[2026-04-27T22:49:33] GLOBAL_ANOMALY | condition=global_rate=9.75 | rate=9.75 | baseline=0.75
[2026-04-27T22:49:33] GLOBAL_ANOMALY | condition=global_rate=9.77 | rate=9.77 | baseline=0.75
[2026-04-27T22:49:33] GLOBAL_ANOMALY | condition=global_rate=9.78 | rate=9.78 | baseline=0.75
[2026-04-27T22:49:33] GLOBAL_ANOMALY | condition=global_rate=9.80 | rate=9.80 | baseline=0.75
[2026-04-27T22:49:33] GLOBAL_ANOMALY | condition=global_rate=9.82 | rate=9.82 | baseline=0.75
[2026-04-27T22:49:33] GLOBAL_ANOMALY | condition=global_rate=9.83 | rate=9.83 | baseline=0.75
[2026-04-27T22:49:33] GLOBAL_ANOMALY | condition=global_rate=9.85 | rate=9.85 | baseline=0.75
[2026-04-27T22:49:33] GLOBAL_ANOMALY | condition=global_rate=9.87 | rate=9.87 | baseline=0.75
[2026-04-27T22:49:33] GLOBAL_ANOMALY | condition=global_rate=9.88 | rate=9.88 | baseline=0.75
[2026-04-27T22:49:33] GLOBAL_ANOMALY | condition=global_rate=9.90 | rate=9.90 | baseline=0.75
[2026-04-27T22:49:33] GLOBAL_ANOMALY | condition=global_rate=9.92 | rate=9.92 | baseline=0.75
[2026-04-27T22:49:33] GLOBAL_ANOMALY | condition=global_rate=9.93 | rate=9.93 | baseline=0.75
[2026-04-27T22:49:33] GLOBAL_ANOMALY | condition=global_rate=9.95 | rate=9.95 | baseline=0.75
[2026-04-27T22:49:33] GLOBAL_ANOMALY | condition=global_rate=9.97 | rate=9.97 | baseline=0.75
[2026-04-27T22:49:33] GLOBAL_ANOMALY | condition=global_rate=9.98 | rate=9.98 | baseline=0.75
[2026-04-27T22:49:33] GLOBAL_ANOMALY | condition=global_rate=10.00 | rate=10.00 | baseline=0.75
[2026-04-27T22:49:33] GLOBAL_ANOMALY | condition=global_rate=10.02 | rate=10.02 | baseline=0.75
[2026-04-27T22:49:33] GLOBAL_ANOMALY | condition=global_rate=10.03 | rate=10.03 | baseline=0.75
[2026-04-27T22:49:33] GLOBAL_ANOMALY | condition=global_rate=10.05 | rate=10.05 | baseline=0.75
[2026-04-27T22:49:33] GLOBAL_ANOMALY | condition=global_rate=10.07 | rate=10.07 | baseline=0.75
[2026-04-27T22:49:33] GLOBAL_ANOMALY | condition=global_rate=10.08 | rate=10.08 | baseline=0.75
[2026-04-27T22:49:33] GLOBAL_ANOMALY | condition=global_rate=10.10 | rate=10.10 | baseline=0.75
[2026-04-27T22:49:33] GLOBAL_ANOMALY | condition=global_rate=10.12 | rate=10.12 | baseline=0.75
[2026-04-27T22:49:33] GLOBAL_ANOMALY | condition=global_rate=10.13 | rate=10.13 | baseline=0.75
[2026-04-27T22:49:33] GLOBAL_ANOMALY | condition=global_rate=10.15 | rate=10.15 | baseline=0.75
[2026-04-27T22:49:33] GLOBAL_ANOMALY | condition=global_rate=10.17 | rate=10.17 | baseline=0.75
[2026-04-27T22:49:33] GLOBAL_ANOMALY | condition=global_rate=10.18 | rate=10.18 | baseline=0.75
[2026-04-27T22:49:33] GLOBAL_ANOMALY | condition=global_rate=10.20 | rate=10.20 | baseline=0.75
[2026-04-27T22:49:33] GLOBAL_ANOMALY | condition=global_rate=10.22 | rate=10.22 | baseline=0.75
[2026-04-27T22:49:33] GLOBAL_ANOMALY | condition=global_rate=10.23 | rate=10.23 | baseline=0.75
[2026-04-27T22:49:33] GLOBAL_ANOMALY | condition=global_rate=10.25 | rate=10.25 | baseline=0.75
[2026-04-27T22:49:33] GLOBAL_ANOMALY | condition=global_rate=10.27 | rate=10.27 | baseline=0.75
[2026-04-27T22:49:33] GLOBAL_ANOMALY | condition=global_rate=10.28 | rate=10.28 | baseline=0.75
[2026-04-27T22:49:33] GLOBAL_ANOMALY | condition=global_rate=10.30 | rate=10.30 | baseline=0.75
[2026-04-27T22:49:33] GLOBAL_ANOMALY | condition=global_rate=10.32 | rate=10.32 | baseline=0.75
[2026-04-27T22:49:34] GLOBAL_ANOMALY | condition=global_rate=10.33 | rate=10.33 | baseline=0.75
[2026-04-27T22:49:34] GLOBAL_ANOMALY | condition=global_rate=10.35 | rate=10.35 | baseline=0.75
[2026-04-27T22:49:34] GLOBAL_ANOMALY | condition=global_rate=10.37 | rate=10.37 | baseline=0.75
[2026-04-27T22:49:34] GLOBAL_ANOMALY | condition=global_rate=10.38 | rate=10.38 | baseline=0.75
[2026-04-27T22:49:34] GLOBAL_ANOMALY | condition=global_rate=10.40 | rate=10.40 | baseline=0.75
[2026-04-27T22:49:34] GLOBAL_ANOMALY | condition=global_rate=10.42 | rate=10.42 | baseline=0.75
[2026-04-27T22:49:34] GLOBAL_ANOMALY | condition=global_rate=10.43 | rate=10.43 | baseline=0.75
[2026-04-27T22:49:34] GLOBAL_ANOMALY | condition=global_rate=10.45 | rate=10.45 | baseline=0.75
[2026-04-27T22:49:34] GLOBAL_ANOMALY | condition=global_rate=10.47 | rate=10.47 | baseline=0.75
[2026-04-27T22:49:34] GLOBAL_ANOMALY | condition=global_rate=10.48 | rate=10.48 | baseline=0.75
[2026-04-27T22:49:34] GLOBAL_ANOMALY | condition=global_rate=10.50 | rate=10.50 | baseline=0.75
[2026-04-27T22:49:34] GLOBAL_ANOMALY | condition=global_rate=10.52 | rate=10.52 | baseline=0.75
[2026-04-27T22:49:34] GLOBAL_ANOMALY | condition=global_rate=10.53 | rate=10.53 | baseline=0.75
[2026-04-27T22:49:34] GLOBAL_ANOMALY | condition=global_rate=10.55 | rate=10.55 | baseline=0.75
[2026-04-27T22:49:34] GLOBAL_ANOMALY | condition=global_rate=10.57 | rate=10.57 | baseline=0.75
[2026-04-27T22:49:34] GLOBAL_ANOMALY | condition=global_rate=10.58 | rate=10.58 | baseline=0.75
[2026-04-27T22:49:34] GLOBAL_ANOMALY | condition=global_rate=10.60 | rate=10.60 | baseline=0.75
[2026-04-27T22:49:34] GLOBAL_ANOMALY | condition=global_rate=10.62 | rate=10.62 | baseline=0.75
[2026-04-27T22:49:34] GLOBAL_ANOMALY | condition=global_rate=10.63 | rate=10.63 | baseline=0.75
[2026-04-27T22:49:34] GLOBAL_ANOMALY | condition=global_rate=10.65 | rate=10.65 | baseline=0.75
[2026-04-27T22:49:34] GLOBAL_ANOMALY | condition=global_rate=10.67 | rate=10.67 | baseline=0.75
[2026-04-27T22:49:34] GLOBAL_ANOMALY | condition=global_rate=10.68 | rate=10.68 | baseline=0.75
[2026-04-27T22:49:34] GLOBAL_ANOMALY | condition=global_rate=10.70 | rate=10.70 | baseline=0.75
[2026-04-27T22:49:34] GLOBAL_ANOMALY | condition=global_rate=10.72 | rate=10.72 | baseline=0.75
[2026-04-27T22:49:34] GLOBAL_ANOMALY | condition=global_rate=10.73 | rate=10.73 | baseline=0.75
[2026-04-27T22:49:34] GLOBAL_ANOMALY | condition=global_rate=10.75 | rate=10.75 | baseline=0.75
[2026-04-27T22:49:34] GLOBAL_ANOMALY | condition=global_rate=10.77 | rate=10.77 | baseline=0.75
[2026-04-27T22:49:34] GLOBAL_ANOMALY | condition=global_rate=10.78 | rate=10.78 | baseline=0.75
[2026-04-27T22:49:34] GLOBAL_ANOMALY | condition=global_rate=10.80 | rate=10.80 | baseline=0.75
[2026-04-27T22:49:34] GLOBAL_ANOMALY | condition=global_rate=10.82 | rate=10.82 | baseline=0.75
[2026-04-27T22:49:34] GLOBAL_ANOMALY | condition=global_rate=10.83 | rate=10.83 | baseline=0.75
[2026-04-27T22:49:34] GLOBAL_ANOMALY | condition=global_rate=10.85 | rate=10.85 | baseline=0.75
[2026-04-27T22:49:34] GLOBAL_ANOMALY | condition=global_rate=10.87 | rate=10.87 | baseline=0.75
[2026-04-27T22:49:34] GLOBAL_ANOMALY | condition=global_rate=10.88 | rate=10.88 | baseline=0.75
[2026-04-27T22:49:34] GLOBAL_ANOMALY | condition=global_rate=10.90 | rate=10.90 | baseline=0.75
[2026-04-27T22:49:34] GLOBAL_ANOMALY | condition=global_rate=10.92 | rate=10.92 | baseline=0.75
[2026-04-27T22:49:34] GLOBAL_ANOMALY | condition=global_rate=10.93 | rate=10.93 | baseline=0.75
[2026-04-27T22:49:34] GLOBAL_ANOMALY | condition=global_rate=10.95 | rate=10.95 | baseline=0.75
[2026-04-27T22:49:34] GLOBAL_ANOMALY | condition=global_rate=10.97 | rate=10.97 | baseline=0.75
[2026-04-27T22:49:34] GLOBAL_ANOMALY | condition=global_rate=10.98 | rate=10.98 | baseline=0.75
[2026-04-27T22:49:34] GLOBAL_ANOMALY | condition=global_rate=11.00 | rate=11.00 | baseline=0.75
[2026-04-27T22:49:34] GLOBAL_ANOMALY | condition=global_rate=11.02 | rate=11.02 | baseline=0.75
[2026-04-27T22:49:34] GLOBAL_ANOMALY | condition=global_rate=11.03 | rate=11.03 | baseline=0.75
[2026-04-27T22:49:34] GLOBAL_ANOMALY | condition=global_rate=11.05 | rate=11.05 | baseline=0.75
[2026-04-27T22:49:34] GLOBAL_ANOMALY | condition=global_rate=11.07 | rate=11.07 | baseline=0.75
[2026-04-27T22:49:34] GLOBAL_ANOMALY | condition=global_rate=11.08 | rate=11.08 | baseline=0.75
[2026-04-27T22:49:34] GLOBAL_ANOMALY | condition=global_rate=11.10 | rate=11.10 | baseline=0.75
[2026-04-27T22:49:34] GLOBAL_ANOMALY | condition=global_rate=11.12 | rate=11.12 | baseline=0.75
[2026-04-27T22:49:34] GLOBAL_ANOMALY | condition=global_rate=11.13 | rate=11.13 | baseline=0.75
[2026-04-27T22:49:34] GLOBAL_ANOMALY | condition=global_rate=11.15 | rate=11.15 | baseline=0.75
[2026-04-27T22:49:34] GLOBAL_ANOMALY | condition=global_rate=11.17 | rate=11.17 | baseline=0.75
[2026-04-27T22:49:34] GLOBAL_ANOMALY | condition=global_rate=11.18 | rate=11.18 | baseline=0.75
[2026-04-27T22:49:34] GLOBAL_ANOMALY | condition=global_rate=11.20 | rate=11.20 | baseline=0.75
[2026-04-27T22:49:34] GLOBAL_ANOMALY | condition=global_rate=11.22 | rate=11.22 | baseline=0.75
[2026-04-27T22:49:34] GLOBAL_ANOMALY | condition=global_rate=11.23 | rate=11.23 | baseline=0.75
[2026-04-27T22:49:34] GLOBAL_ANOMALY | condition=global_rate=11.25 | rate=11.25 | baseline=0.75
[2026-04-27T22:49:34] GLOBAL_ANOMALY | condition=global_rate=11.27 | rate=11.27 | baseline=0.75
[2026-04-27T22:49:34] GLOBAL_ANOMALY | condition=global_rate=11.28 | rate=11.28 | baseline=0.75
[2026-04-27T22:49:34] GLOBAL_ANOMALY | condition=global_rate=11.30 | rate=11.30 | baseline=0.75
[2026-04-27T22:49:34] GLOBAL_ANOMALY | condition=global_rate=11.32 | rate=11.32 | baseline=0.75
[2026-04-27T22:49:34] GLOBAL_ANOMALY | condition=global_rate=11.33 | rate=11.33 | baseline=0.75
[2026-04-27T22:49:34] GLOBAL_ANOMALY | condition=global_rate=11.35 | rate=11.35 | baseline=0.75
[2026-04-27T22:49:34] GLOBAL_ANOMALY | condition=global_rate=11.37 | rate=11.37 | baseline=0.75
[2026-04-27T22:49:34] GLOBAL_ANOMALY | condition=global_rate=11.38 | rate=11.38 | baseline=0.75
[2026-04-27T22:49:34] GLOBAL_ANOMALY | condition=global_rate=11.40 | rate=11.40 | baseline=0.75
[2026-04-27T22:49:34] GLOBAL_ANOMALY | condition=global_rate=11.42 | rate=11.42 | baseline=0.75
[2026-04-27T22:49:34] GLOBAL_ANOMALY | condition=global_rate=11.43 | rate=11.43 | baseline=0.75
[2026-04-27T22:49:34] GLOBAL_ANOMALY | condition=global_rate=11.45 | rate=11.45 | baseline=0.75
[2026-04-27T22:49:34] GLOBAL_ANOMALY | condition=global_rate=11.47 | rate=11.47 | baseline=0.75
[2026-04-27T22:49:34] GLOBAL_ANOMALY | condition=global_rate=11.48 | rate=11.48 | baseline=0.75
[2026-04-27T22:49:34] GLOBAL_ANOMALY | condition=global_rate=11.50 | rate=11.50 | baseline=0.75
[2026-04-27T22:49:34] GLOBAL_ANOMALY | condition=global_rate=11.52 | rate=11.52 | baseline=0.75
[2026-04-27T22:49:34] GLOBAL_ANOMALY | condition=global_rate=11.53 | rate=11.53 | baseline=0.75
[2026-04-27T22:49:34] GLOBAL_ANOMALY | condition=global_rate=11.55 | rate=11.55 | baseline=0.75
[2026-04-27T22:49:34] GLOBAL_ANOMALY | condition=global_rate=11.57 | rate=11.57 | baseline=0.75
[2026-04-27T22:49:34] GLOBAL_ANOMALY | condition=global_rate=11.58 | rate=11.58 | baseline=0.75
[2026-04-27T22:49:34] GLOBAL_ANOMALY | condition=global_rate=11.60 | rate=11.60 | baseline=0.75
[2026-04-27T22:49:34] GLOBAL_ANOMALY | condition=global_rate=11.62 | rate=11.62 | baseline=0.75
[2026-04-27T22:49:34] GLOBAL_ANOMALY | condition=global_rate=11.63 | rate=11.63 | baseline=0.75
[2026-04-27T22:49:34] GLOBAL_ANOMALY | condition=global_rate=11.65 | rate=11.65 | baseline=0.75
[2026-04-27T22:49:34] GLOBAL_ANOMALY | condition=global_rate=11.67 | rate=11.67 | baseline=0.75
[2026-04-27T22:49:34] GLOBAL_ANOMALY | condition=global_rate=11.68 | rate=11.68 | baseline=0.75
[2026-04-27T22:49:34] GLOBAL_ANOMALY | condition=global_rate=11.70 | rate=11.70 | baseline=0.75
[2026-04-27T22:49:35] GLOBAL_ANOMALY | condition=global_rate=11.72 | rate=11.72 | baseline=0.75
[2026-04-27T22:49:35] GLOBAL_ANOMALY | condition=global_rate=11.73 | rate=11.73 | baseline=0.75
[2026-04-27T22:49:35] GLOBAL_ANOMALY | condition=global_rate=11.75 | rate=11.75 | baseline=0.75
[2026-04-27T22:49:35] GLOBAL_ANOMALY | condition=global_rate=11.77 | rate=11.77 | baseline=0.75
[2026-04-27T22:49:35] GLOBAL_ANOMALY | condition=global_rate=11.78 | rate=11.78 | baseline=0.75
[2026-04-27T22:49:35] GLOBAL_ANOMALY | condition=global_rate=11.80 | rate=11.80 | baseline=0.75
[2026-04-27T22:49:35] GLOBAL_ANOMALY | condition=global_rate=11.82 | rate=11.82 | baseline=0.75
[2026-04-27T22:49:35] GLOBAL_ANOMALY | condition=global_rate=11.83 | rate=11.83 | baseline=0.75
[2026-04-27T22:49:35] GLOBAL_ANOMALY | condition=global_rate=11.85 | rate=11.85 | baseline=0.75
[2026-04-27T22:49:35] GLOBAL_ANOMALY | condition=global_rate=11.87 | rate=11.87 | baseline=0.75
[2026-04-27T22:49:35] GLOBAL_ANOMALY | condition=global_rate=11.88 | rate=11.88 | baseline=0.75
[2026-04-27T22:49:35] GLOBAL_ANOMALY | condition=global_rate=11.90 | rate=11.90 | baseline=0.75
[2026-04-27T22:49:35] GLOBAL_ANOMALY | condition=global_rate=11.92 | rate=11.92 | baseline=0.75
[2026-04-27T22:49:35] GLOBAL_ANOMALY | condition=global_rate=11.93 | rate=11.93 | baseline=0.75
[2026-04-27T22:49:35] GLOBAL_ANOMALY | condition=global_rate=11.95 | rate=11.95 | baseline=0.75
[2026-04-27T22:49:35] GLOBAL_ANOMALY | condition=global_rate=11.97 | rate=11.97 | baseline=0.75
[2026-04-27T22:49:35] GLOBAL_ANOMALY | condition=global_rate=11.98 | rate=11.98 | baseline=0.75
[2026-04-27T22:49:35] GLOBAL_ANOMALY | condition=global_rate=12.00 | rate=12.00 | baseline=0.75
[2026-04-27T22:49:35] GLOBAL_ANOMALY | condition=global_rate=12.02 | rate=12.02 | baseline=0.75
[2026-04-27T22:49:35] GLOBAL_ANOMALY | condition=global_rate=12.03 | rate=12.03 | baseline=0.75
[2026-04-27T22:49:35] GLOBAL_ANOMALY | condition=global_rate=12.05 | rate=12.05 | baseline=0.75
[2026-04-27T22:49:35] GLOBAL_ANOMALY | condition=global_rate=12.07 | rate=12.07 | baseline=0.75
[2026-04-27T22:49:35] GLOBAL_ANOMALY | condition=global_rate=12.08 | rate=12.08 | baseline=0.75
[2026-04-27T22:49:35] GLOBAL_ANOMALY | condition=global_rate=12.10 | rate=12.10 | baseline=0.75
[2026-04-27T22:49:35] GLOBAL_ANOMALY | condition=global_rate=12.12 | rate=12.12 | baseline=0.75
[2026-04-27T22:49:35] GLOBAL_ANOMALY | condition=global_rate=12.13 | rate=12.13 | baseline=0.75
[2026-04-27T22:49:35] GLOBAL_ANOMALY | condition=global_rate=12.15 | rate=12.15 | baseline=0.75
[2026-04-27T22:49:35] GLOBAL_ANOMALY | condition=global_rate=12.17 | rate=12.17 | baseline=0.75
[2026-04-27T22:49:35] GLOBAL_ANOMALY | condition=global_rate=12.18 | rate=12.18 | baseline=0.75
[2026-04-27T22:49:35] GLOBAL_ANOMALY | condition=global_rate=12.20 | rate=12.20 | baseline=0.75
[2026-04-27T22:49:35] GLOBAL_ANOMALY | condition=global_rate=12.22 | rate=12.22 | baseline=0.75
[2026-04-27T22:49:35] GLOBAL_ANOMALY | condition=global_rate=12.23 | rate=12.23 | baseline=0.75
[2026-04-27T22:49:35] GLOBAL_ANOMALY | condition=global_rate=12.25 | rate=12.25 | baseline=0.75
[2026-04-27T22:49:35] GLOBAL_ANOMALY | condition=global_rate=12.27 | rate=12.27 | baseline=0.75
[2026-04-27T22:49:35] GLOBAL_ANOMALY | condition=global_rate=12.28 | rate=12.28 | baseline=0.75
[2026-04-27T22:49:35] GLOBAL_ANOMALY | condition=global_rate=12.30 | rate=12.30 | baseline=0.75
[2026-04-27T22:49:35] GLOBAL_ANOMALY | condition=global_rate=12.32 | rate=12.32 | baseline=0.75
[2026-04-27T22:49:35] GLOBAL_ANOMALY | condition=global_rate=12.33 | rate=12.33 | baseline=0.75
[2026-04-27T22:49:35] GLOBAL_ANOMALY | condition=global_rate=12.35 | rate=12.35 | baseline=0.75
[2026-04-27T22:49:35] GLOBAL_ANOMALY | condition=global_rate=12.37 | rate=12.37 | baseline=0.75
[2026-04-27T22:49:35] GLOBAL_ANOMALY | condition=global_rate=12.38 | rate=12.38 | baseline=0.75
[2026-04-27T22:49:35] GLOBAL_ANOMALY | condition=global_rate=12.40 | rate=12.40 | baseline=0.75
[2026-04-27T22:49:35] GLOBAL_ANOMALY | condition=global_rate=12.42 | rate=12.42 | baseline=0.75
[2026-04-27T22:49:35] GLOBAL_ANOMALY | condition=global_rate=12.43 | rate=12.43 | baseline=0.75
[2026-04-27T22:49:35] GLOBAL_ANOMALY | condition=global_rate=12.45 | rate=12.45 | baseline=0.75
[2026-04-27T22:49:35] GLOBAL_ANOMALY | condition=global_rate=12.47 | rate=12.47 | baseline=0.75
[2026-04-27T22:49:35] GLOBAL_ANOMALY | condition=global_rate=12.48 | rate=12.48 | baseline=0.75
[2026-04-27T22:49:35] GLOBAL_ANOMALY | condition=global_rate=12.50 | rate=12.50 | baseline=0.75
[2026-04-27T22:49:35] GLOBAL_ANOMALY | condition=global_rate=12.52 | rate=12.52 | baseline=0.75
[2026-04-27T22:49:35] GLOBAL_ANOMALY | condition=global_rate=12.53 | rate=12.53 | baseline=0.75
[2026-04-27T22:49:35] GLOBAL_ANOMALY | condition=global_rate=12.55 | rate=12.55 | baseline=0.75
[2026-04-27T22:49:35] GLOBAL_ANOMALY | condition=global_rate=12.57 | rate=12.57 | baseline=0.75
[2026-04-27T22:49:35] GLOBAL_ANOMALY | condition=global_rate=12.58 | rate=12.58 | baseline=0.75
[2026-04-27T22:49:35] GLOBAL_ANOMALY | condition=global_rate=12.60 | rate=12.60 | baseline=0.75
[2026-04-27T22:49:35] GLOBAL_ANOMALY | condition=global_rate=12.62 | rate=12.62 | baseline=0.75
[2026-04-27T22:49:35] GLOBAL_ANOMALY | condition=global_rate=12.63 | rate=12.63 | baseline=0.75
[2026-04-27T22:49:35] GLOBAL_ANOMALY | condition=global_rate=12.65 | rate=12.65 | baseline=0.75
[2026-04-27T22:49:35] GLOBAL_ANOMALY | condition=global_rate=12.67 | rate=12.67 | baseline=0.75
[2026-04-27T22:49:35] GLOBAL_ANOMALY | condition=global_rate=12.68 | rate=12.68 | baseline=0.75
[2026-04-27T22:49:35] GLOBAL_ANOMALY | condition=global_rate=12.70 | rate=12.70 | baseline=0.75
[2026-04-27T22:49:35] GLOBAL_ANOMALY | condition=global_rate=12.72 | rate=12.72 | baseline=0.75
[2026-04-27T22:49:35] GLOBAL_ANOMALY | condition=global_rate=12.73 | rate=12.73 | baseline=0.75
[2026-04-27T22:49:35] GLOBAL_ANOMALY | condition=global_rate=12.75 | rate=12.75 | baseline=0.75
[2026-04-27T22:49:35] GLOBAL_ANOMALY | condition=global_rate=12.77 | rate=12.77 | baseline=0.75
[2026-04-27T22:49:35] GLOBAL_ANOMALY | condition=global_rate=12.78 | rate=12.78 | baseline=0.75
[2026-04-27T22:49:35] GLOBAL_ANOMALY | condition=global_rate=12.80 | rate=12.80 | baseline=0.75
[2026-04-27T22:49:35] GLOBAL_ANOMALY | condition=global_rate=12.82 | rate=12.82 | baseline=0.75
[2026-04-27T22:49:35] GLOBAL_ANOMALY | condition=global_rate=12.83 | rate=12.83 | baseline=0.75
[2026-04-27T22:49:35] GLOBAL_ANOMALY | condition=global_rate=12.85 | rate=12.85 | baseline=0.75
[2026-04-27T22:49:35] GLOBAL_ANOMALY | condition=global_rate=12.87 | rate=12.87 | baseline=0.75
[2026-04-27T22:49:35] GLOBAL_ANOMALY | condition=global_rate=12.88 | rate=12.88 | baseline=0.75
[2026-04-27T22:49:35] GLOBAL_ANOMALY | condition=global_zscore=3.00 | global_rate=12.90 | rate=12.90 | baseline=0.75
[2026-04-27T22:49:35] GLOBAL_ANOMALY | condition=global_zscore=3.01 | global_rate=12.92 | rate=12.92 | baseline=0.75
[2026-04-27T22:49:36] GLOBAL_ANOMALY | condition=global_zscore=3.01 | global_rate=12.93 | rate=12.93 | baseline=0.75
[2026-04-27T22:49:36] GLOBAL_ANOMALY | condition=global_zscore=3.02 | global_rate=12.95 | rate=12.95 | baseline=0.75
[2026-04-27T22:49:36] GLOBAL_ANOMALY | condition=global_zscore=3.02 | global_rate=12.97 | rate=12.97 | baseline=0.75
[2026-04-27T22:49:36] GLOBAL_ANOMALY | condition=global_zscore=3.02 | global_rate=12.98 | rate=12.98 | baseline=0.75
[2026-04-27T22:49:36] GLOBAL_ANOMALY | condition=global_zscore=3.03 | global_rate=13.00 | rate=13.00 | baseline=0.75
[2026-04-27T22:49:36] GLOBAL_ANOMALY | condition=global_zscore=3.03 | global_rate=13.02 | rate=13.02 | baseline=0.75
[2026-04-27T22:49:36] GLOBAL_ANOMALY | condition=global_zscore=3.04 | global_rate=13.03 | rate=13.03 | baseline=0.75
[2026-04-27T22:49:36] GLOBAL_ANOMALY | condition=global_zscore=3.04 | global_rate=13.05 | rate=13.05 | baseline=0.75
[2026-04-27T22:49:36] GLOBAL_ANOMALY | condition=global_zscore=3.04 | global_rate=13.07 | rate=13.07 | baseline=0.75
[2026-04-27T22:49:36] GLOBAL_ANOMALY | condition=global_zscore=3.05 | global_rate=13.08 | rate=13.08 | baseline=0.75
[2026-04-27T22:49:36] GLOBAL_ANOMALY | condition=global_zscore=3.05 | global_rate=13.10 | rate=13.10 | baseline=0.75
[2026-04-27T22:49:36] GLOBAL_ANOMALY | condition=global_zscore=3.06 | global_rate=13.12 | rate=13.12 | baseline=0.75
[2026-04-27T22:49:36] GLOBAL_ANOMALY | condition=global_zscore=3.06 | global_rate=13.13 | rate=13.13 | baseline=0.75
[2026-04-27T22:49:36] GLOBAL_ANOMALY | condition=global_zscore=3.07 | global_rate=13.15 | rate=13.15 | baseline=0.75
[2026-04-27T22:49:36] GLOBAL_ANOMALY | condition=global_zscore=3.07 | global_rate=13.17 | rate=13.17 | baseline=0.75
[2026-04-27T22:49:36] GLOBAL_ANOMALY | condition=global_zscore=3.07 | global_rate=13.18 | rate=13.18 | baseline=0.75
[2026-04-27T22:49:36] GLOBAL_ANOMALY | condition=global_zscore=3.08 | global_rate=13.20 | rate=13.20 | baseline=0.75
[2026-04-27T22:49:36] GLOBAL_ANOMALY | condition=global_zscore=3.08 | global_rate=13.22 | rate=13.22 | baseline=0.75
[2026-04-27T22:49:36] GLOBAL_ANOMALY | condition=global_zscore=3.09 | global_rate=13.23 | rate=13.23 | baseline=0.75
[2026-04-27T22:49:36] GLOBAL_ANOMALY | condition=global_zscore=3.09 | global_rate=13.25 | rate=13.25 | baseline=0.75
[2026-04-27T22:49:36] GLOBAL_ANOMALY | condition=global_zscore=3.09 | global_rate=13.27 | rate=13.27 | baseline=0.75
[2026-04-27T22:49:36] GLOBAL_ANOMALY | condition=global_zscore=3.10 | global_rate=13.28 | rate=13.28 | baseline=0.75
[2026-04-27T22:49:36] GLOBAL_ANOMALY | condition=global_zscore=3.10 | global_rate=13.30 | rate=13.30 | baseline=0.75
[2026-04-27T22:49:36] GLOBAL_ANOMALY | condition=global_zscore=3.11 | global_rate=13.32 | rate=13.32 | baseline=0.75
[2026-04-27T22:49:36] GLOBAL_ANOMALY | condition=global_zscore=3.11 | global_rate=13.33 | rate=13.33 | baseline=0.75
[2026-04-27T22:49:36] GLOBAL_ANOMALY | condition=global_zscore=3.11 | global_rate=13.35 | rate=13.35 | baseline=0.75
[2026-04-27T22:49:36] GLOBAL_ANOMALY | condition=global_zscore=3.12 | global_rate=13.37 | rate=13.37 | baseline=0.75
[2026-04-27T22:49:36] GLOBAL_ANOMALY | condition=global_zscore=3.12 | global_rate=13.38 | rate=13.38 | baseline=0.75
[2026-04-27T22:49:36] GLOBAL_ANOMALY | condition=global_zscore=3.13 | global_rate=13.40 | rate=13.40 | baseline=0.75
[2026-04-27T22:49:36] GLOBAL_ANOMALY | condition=global_zscore=3.13 | global_rate=13.42 | rate=13.42 | baseline=0.75
[2026-04-27T22:49:36] GLOBAL_ANOMALY | condition=global_zscore=3.14 | global_rate=13.43 | rate=13.43 | baseline=0.75
[2026-04-27T22:49:36] GLOBAL_ANOMALY | condition=global_zscore=3.14 | global_rate=13.45 | rate=13.45 | baseline=0.75
[2026-04-27T22:49:36] GLOBAL_ANOMALY | condition=global_zscore=3.14 | global_rate=13.47 | rate=13.47 | baseline=0.75
[2026-04-27T22:49:36] GLOBAL_ANOMALY | condition=global_zscore=3.15 | global_rate=13.48 | rate=13.48 | baseline=0.75
[2026-04-27T22:49:36] GLOBAL_ANOMALY | condition=global_zscore=3.15 | global_rate=13.50 | rate=13.50 | baseline=0.75
[2026-04-27T22:49:36] GLOBAL_ANOMALY | condition=global_zscore=3.16 | global_rate=13.52 | rate=13.52 | baseline=0.75
[2026-04-27T22:49:36] GLOBAL_ANOMALY | condition=global_zscore=3.16 | global_rate=13.53 | rate=13.53 | baseline=0.75
[2026-04-27T22:49:36] GLOBAL_ANOMALY | condition=global_zscore=3.16 | global_rate=13.55 | rate=13.55 | baseline=0.75
[2026-04-27T22:49:36] GLOBAL_ANOMALY | condition=global_zscore=3.17 | global_rate=13.57 | rate=13.57 | baseline=0.75
[2026-04-27T22:49:36] GLOBAL_ANOMALY | condition=global_zscore=3.17 | global_rate=13.58 | rate=13.58 | baseline=0.75
[2026-04-27T22:49:36] GLOBAL_ANOMALY | condition=global_zscore=3.18 | global_rate=13.60 | rate=13.60 | baseline=0.75
[2026-04-27T22:49:36] GLOBAL_ANOMALY | condition=global_zscore=3.18 | global_rate=13.62 | rate=13.62 | baseline=0.75
[2026-04-27T22:49:36] GLOBAL_ANOMALY | condition=global_zscore=3.18 | global_rate=13.63 | rate=13.63 | baseline=0.75
[2026-04-27T22:49:36] GLOBAL_ANOMALY | condition=global_zscore=3.19 | global_rate=13.65 | rate=13.65 | baseline=0.75
[2026-04-27T22:49:36] GLOBAL_ANOMALY | condition=global_zscore=3.19 | global_rate=13.67 | rate=13.67 | baseline=0.75
[2026-04-27T22:49:36] GLOBAL_ANOMALY | condition=global_zscore=3.20 | global_rate=13.68 | rate=13.68 | baseline=0.75
[2026-04-27T22:49:36] GLOBAL_ANOMALY | condition=global_zscore=3.20 | global_rate=13.70 | rate=13.70 | baseline=0.75
[2026-04-27T22:49:36] GLOBAL_ANOMALY | condition=global_zscore=3.21 | global_rate=13.72 | rate=13.72 | baseline=0.75
[2026-04-27T22:49:36] GLOBAL_ANOMALY | condition=global_zscore=3.21 | global_rate=13.73 | rate=13.73 | baseline=0.75
[2026-04-27T22:49:36] GLOBAL_ANOMALY | condition=global_zscore=3.21 | global_rate=13.75 | rate=13.75 | baseline=0.75
[2026-04-27T22:49:36] GLOBAL_ANOMALY | condition=global_zscore=3.22 | global_rate=13.77 | rate=13.77 | baseline=0.75
[2026-04-27T22:49:36] GLOBAL_ANOMALY | condition=global_zscore=3.22 | global_rate=13.78 | rate=13.78 | baseline=0.75
[2026-04-27T22:49:36] GLOBAL_ANOMALY | condition=global_zscore=3.23 | global_rate=13.80 | rate=13.80 | baseline=0.75
[2026-04-27T22:49:36] GLOBAL_ANOMALY | condition=global_zscore=3.23 | global_rate=13.82 | rate=13.82 | baseline=0.75
[2026-04-27T22:49:36] GLOBAL_ANOMALY | condition=global_zscore=3.23 | global_rate=13.83 | rate=13.83 | baseline=0.75
[2026-04-27T22:49:36] GLOBAL_ANOMALY | condition=global_zscore=3.24 | global_rate=13.85 | rate=13.85 | baseline=0.75
[2026-04-27T22:49:36] GLOBAL_ANOMALY | condition=global_zscore=3.24 | global_rate=13.87 | rate=13.87 | baseline=0.75
[2026-04-27T22:49:36] GLOBAL_ANOMALY | condition=global_zscore=3.25 | global_rate=13.88 | rate=13.88 | baseline=0.75
[2026-04-27T22:49:36] GLOBAL_ANOMALY | condition=global_zscore=3.25 | global_rate=13.90 | rate=13.90 | baseline=0.75
[2026-04-27T22:49:36] GLOBAL_ANOMALY | condition=global_zscore=3.25 | global_rate=13.92 | rate=13.92 | baseline=0.75
[2026-04-27T22:49:36] GLOBAL_ANOMALY | condition=global_zscore=3.26 | global_rate=13.93 | rate=13.93 | baseline=0.75
[2026-04-27T22:49:36] GLOBAL_ANOMALY | condition=global_zscore=3.26 | global_rate=13.95 | rate=13.95 | baseline=0.75
[2026-04-27T22:49:36] GLOBAL_ANOMALY | condition=global_zscore=3.27 | global_rate=13.97 | rate=13.97 | baseline=0.75
[2026-04-27T22:49:36] GLOBAL_ANOMALY | condition=global_zscore=3.27 | global_rate=13.98 | rate=13.98 | baseline=0.75
[2026-04-27T22:49:36] GLOBAL_ANOMALY | condition=global_zscore=3.28 | global_rate=14.00 | rate=14.00 | baseline=0.75
[2026-04-27T22:49:36] GLOBAL_ANOMALY | condition=global_zscore=3.28 | global_rate=14.02 | rate=14.02 | baseline=0.75
[2026-04-27T22:49:36] GLOBAL_ANOMALY | condition=global_zscore=3.28 | global_rate=14.03 | rate=14.03 | baseline=0.75
[2026-04-27T22:49:36] GLOBAL_ANOMALY | condition=global_zscore=3.29 | global_rate=14.05 | rate=14.05 | baseline=0.75
[2026-04-27T22:49:36] GLOBAL_ANOMALY | condition=global_zscore=3.29 | global_rate=14.07 | rate=14.07 | baseline=0.75
[2026-04-27T22:49:36] GLOBAL_ANOMALY | condition=global_zscore=3.30 | global_rate=14.08 | rate=14.08 | baseline=0.75
[2026-04-27T22:49:36] GLOBAL_ANOMALY | condition=global_zscore=3.30 | global_rate=14.10 | rate=14.10 | baseline=0.75
[2026-04-27T22:49:36] GLOBAL_ANOMALY | condition=global_zscore=3.30 | global_rate=14.12 | rate=14.12 | baseline=0.75
[2026-04-27T22:49:36] GLOBAL_ANOMALY | condition=global_zscore=3.31 | global_rate=14.13 | rate=14.13 | baseline=0.75
[2026-04-27T22:49:36] GLOBAL_ANOMALY | condition=global_zscore=3.31 | global_rate=14.15 | rate=14.15 | baseline=0.75
[2026-04-27T22:49:37] GLOBAL_ANOMALY | condition=global_zscore=3.32 | global_rate=14.17 | rate=14.17 | baseline=0.75
[2026-04-27T22:49:37] GLOBAL_ANOMALY | condition=global_zscore=3.32 | global_rate=14.18 | rate=14.18 | baseline=0.75
[2026-04-27T22:49:37] GLOBAL_ANOMALY | condition=global_zscore=3.32 | global_rate=14.20 | rate=14.20 | baseline=0.75
[2026-04-27T22:49:37] GLOBAL_ANOMALY | condition=global_zscore=3.33 | global_rate=14.22 | rate=14.22 | baseline=0.75
[2026-04-27T22:49:37] GLOBAL_ANOMALY | condition=global_zscore=3.33 | global_rate=14.23 | rate=14.23 | baseline=0.75
[2026-04-27T22:49:37] GLOBAL_ANOMALY | condition=global_zscore=3.34 | global_rate=14.25 | rate=14.25 | baseline=0.75
[2026-04-27T22:49:37] GLOBAL_ANOMALY | condition=global_zscore=3.34 | global_rate=14.27 | rate=14.27 | baseline=0.75
[2026-04-27T22:49:37] GLOBAL_ANOMALY | condition=global_zscore=3.35 | global_rate=14.28 | rate=14.28 | baseline=0.75
[2026-04-27T22:49:37] GLOBAL_ANOMALY | condition=global_zscore=3.35 | global_rate=14.30 | rate=14.30 | baseline=0.75
[2026-04-27T22:49:37] GLOBAL_ANOMALY | condition=global_zscore=3.35 | global_rate=14.32 | rate=14.32 | baseline=0.75
[2026-04-27T22:49:37] GLOBAL_ANOMALY | condition=global_zscore=3.36 | global_rate=14.33 | rate=14.33 | baseline=0.75
[2026-04-27T22:49:37] GLOBAL_ANOMALY | condition=global_zscore=3.36 | global_rate=14.35 | rate=14.35 | baseline=0.75
[2026-04-27T22:49:37] GLOBAL_ANOMALY | condition=global_zscore=3.37 | global_rate=14.37 | rate=14.37 | baseline=0.75
[2026-04-27T22:49:37] GLOBAL_ANOMALY | condition=global_zscore=3.37 | global_rate=14.38 | rate=14.38 | baseline=0.75
[2026-04-27T22:49:37] GLOBAL_ANOMALY | condition=global_zscore=3.37 | global_rate=14.40 | rate=14.40 | baseline=0.75
[2026-04-27T22:49:37] GLOBAL_ANOMALY | condition=global_zscore=3.38 | global_rate=14.42 | rate=14.42 | baseline=0.75
[2026-04-27T22:49:37] GLOBAL_ANOMALY | condition=global_zscore=3.38 | global_rate=14.43 | rate=14.43 | baseline=0.75
[2026-04-27T22:49:37] GLOBAL_ANOMALY | condition=global_zscore=3.39 | global_rate=14.45 | rate=14.45 | baseline=0.75
[2026-04-27T22:49:37] GLOBAL_ANOMALY | condition=global_zscore=3.39 | global_rate=14.47 | rate=14.47 | baseline=0.75
[2026-04-27T22:49:37] GLOBAL_ANOMALY | condition=global_zscore=3.39 | global_rate=14.48 | rate=14.48 | baseline=0.75
[2026-04-27T22:49:37] GLOBAL_ANOMALY | condition=global_zscore=3.40 | global_rate=14.50 | rate=14.50 | baseline=0.75
[2026-04-27T22:49:37] GLOBAL_ANOMALY | condition=global_zscore=3.40 | global_rate=14.52 | rate=14.52 | baseline=0.75
[2026-04-27T22:49:37] GLOBAL_ANOMALY | condition=global_zscore=3.41 | global_rate=14.53 | rate=14.53 | baseline=0.75
[2026-04-27T22:49:37] GLOBAL_ANOMALY | condition=global_zscore=3.41 | global_rate=14.55 | rate=14.55 | baseline=0.75
[2026-04-27T22:49:37] GLOBAL_ANOMALY | condition=global_zscore=3.42 | global_rate=14.57 | rate=14.57 | baseline=0.75
[2026-04-27T22:49:37] GLOBAL_ANOMALY | condition=global_zscore=3.42 | global_rate=14.58 | rate=14.58 | baseline=0.75
[2026-04-27T22:49:37] GLOBAL_ANOMALY | condition=global_zscore=3.42 | global_rate=14.60 | rate=14.60 | baseline=0.75
[2026-04-27T22:49:37] GLOBAL_ANOMALY | condition=global_zscore=3.43 | global_rate=14.62 | rate=14.62 | baseline=0.75
[2026-04-27T22:49:37] GLOBAL_ANOMALY | condition=global_zscore=3.43 | global_rate=14.63 | rate=14.63 | baseline=0.75
[2026-04-27T22:49:37] GLOBAL_ANOMALY | condition=global_zscore=3.44 | global_rate=14.65 | rate=14.65 | baseline=0.75
[2026-04-27T22:49:37] GLOBAL_ANOMALY | condition=global_zscore=3.44 | global_rate=14.67 | rate=14.67 | baseline=0.75
[2026-04-27T22:49:37] GLOBAL_ANOMALY | condition=global_zscore=3.44 | global_rate=14.68 | rate=14.68 | baseline=0.75
[2026-04-27T22:49:37] GLOBAL_ANOMALY | condition=global_zscore=3.45 | global_rate=14.70 | rate=14.70 | baseline=0.75
[2026-04-27T22:49:37] GLOBAL_ANOMALY | condition=global_zscore=3.45 | global_rate=14.72 | rate=14.72 | baseline=0.75
[2026-04-27T22:49:37] GLOBAL_ANOMALY | condition=global_zscore=3.46 | global_rate=14.73 | rate=14.73 | baseline=0.75
[2026-04-27T22:49:37] GLOBAL_ANOMALY | condition=global_zscore=3.46 | global_rate=14.75 | rate=14.75 | baseline=0.75
[2026-04-27T22:49:37] GLOBAL_ANOMALY | condition=global_zscore=3.47 | global_rate=14.77 | rate=14.77 | baseline=0.75
[2026-04-27T22:49:37] GLOBAL_ANOMALY | condition=global_zscore=3.47 | global_rate=14.78 | rate=14.78 | baseline=0.75
[2026-04-27T22:49:37] GLOBAL_ANOMALY | condition=global_zscore=3.47 | global_rate=14.80 | rate=14.80 | baseline=0.75
[2026-04-27T22:49:37] GLOBAL_ANOMALY | condition=global_zscore=3.48 | global_rate=14.82 | rate=14.82 | baseline=0.75
[2026-04-27T22:49:37] GLOBAL_ANOMALY | condition=global_zscore=3.48 | global_rate=14.83 | rate=14.83 | baseline=0.75
[2026-04-27T22:49:37] GLOBAL_ANOMALY | condition=global_zscore=3.49 | global_rate=14.85 | rate=14.85 | baseline=0.75
[2026-04-27T22:49:37] GLOBAL_ANOMALY | condition=global_zscore=3.49 | global_rate=14.87 | rate=14.87 | baseline=0.75
[2026-04-27T22:49:37] GLOBAL_ANOMALY | condition=global_zscore=3.49 | global_rate=14.88 | rate=14.88 | baseline=0.75
[2026-04-27T22:49:37] GLOBAL_ANOMALY | condition=global_zscore=3.50 | global_rate=14.90 | rate=14.90 | baseline=0.75
[2026-04-27T22:49:37] GLOBAL_ANOMALY | condition=global_zscore=3.50 | global_rate=14.92 | rate=14.92 | baseline=0.75
[2026-04-27T22:49:37] GLOBAL_ANOMALY | condition=global_zscore=3.51 | global_rate=14.93 | rate=14.93 | baseline=0.75
[2026-04-27T22:49:37] GLOBAL_ANOMALY | condition=global_zscore=3.51 | global_rate=14.95 | rate=14.95 | baseline=0.75
[2026-04-27T22:49:37] GLOBAL_ANOMALY | condition=global_zscore=3.51 | global_rate=14.97 | rate=14.97 | baseline=0.75
[2026-04-27T22:49:37] GLOBAL_ANOMALY | condition=global_zscore=3.52 | global_rate=14.98 | rate=14.98 | baseline=0.75
[2026-04-27T22:49:37] GLOBAL_ANOMALY | condition=global_zscore=3.52 | global_rate=15.00 | rate=15.00 | baseline=0.75
[2026-04-27T22:49:37] GLOBAL_ANOMALY | condition=global_zscore=3.53 | global_rate=15.02 | rate=15.02 | baseline=0.75
[2026-04-27T22:49:37] GLOBAL_ANOMALY | condition=global_zscore=3.53 | global_rate=15.03 | rate=15.03 | baseline=0.75
[2026-04-27T22:49:37] GLOBAL_ANOMALY | condition=global_zscore=3.54 | global_rate=15.05 | rate=15.05 | baseline=0.75
[2026-04-27T22:49:37] GLOBAL_ANOMALY | condition=global_zscore=3.54 | global_rate=15.07 | rate=15.07 | baseline=0.75
[2026-04-27T22:49:37] GLOBAL_ANOMALY | condition=global_zscore=3.54 | global_rate=15.08 | rate=15.08 | baseline=0.75
[2026-04-27T22:49:37] GLOBAL_ANOMALY | condition=global_zscore=3.55 | global_rate=15.10 | rate=15.10 | baseline=0.75
[2026-04-27T22:49:37] GLOBAL_ANOMALY | condition=global_zscore=3.55 | global_rate=15.12 | rate=15.12 | baseline=0.75
[2026-04-27T22:49:37] GLOBAL_ANOMALY | condition=global_zscore=3.56 | global_rate=15.13 | rate=15.13 | baseline=0.75
[2026-04-27T22:49:37] GLOBAL_ANOMALY | condition=global_zscore=3.56 | global_rate=15.15 | rate=15.15 | baseline=0.75
[2026-04-27T22:49:37] GLOBAL_ANOMALY | condition=global_zscore=3.56 | global_rate=15.17 | rate=15.17 | baseline=0.75
[2026-04-27T22:49:37] GLOBAL_ANOMALY | condition=global_zscore=3.57 | global_rate=15.18 | rate=15.18 | baseline=0.75
[2026-04-27T22:49:37] GLOBAL_ANOMALY | condition=global_zscore=3.57 | global_rate=15.20 | rate=15.20 | baseline=0.75
[2026-04-27T22:49:37] GLOBAL_ANOMALY | condition=global_zscore=3.58 | global_rate=15.22 | rate=15.22 | baseline=0.75
[2026-04-27T22:49:37] GLOBAL_ANOMALY | condition=global_zscore=3.58 | global_rate=15.23 | rate=15.23 | baseline=0.75
[2026-04-27T22:49:37] GLOBAL_ANOMALY | condition=global_zscore=3.58 | global_rate=15.25 | rate=15.25 | baseline=0.75
[2026-04-27T22:49:37] GLOBAL_ANOMALY | condition=global_zscore=3.59 | global_rate=15.27 | rate=15.27 | baseline=0.75
[2026-04-27T22:49:37] GLOBAL_ANOMALY | condition=global_zscore=3.59 | global_rate=15.28 | rate=15.28 | baseline=0.75
[2026-04-27T22:49:37] GLOBAL_ANOMALY | condition=global_zscore=3.60 | global_rate=15.30 | rate=15.30 | baseline=0.75
[2026-04-27T22:49:37] GLOBAL_ANOMALY | condition=global_zscore=3.60 | global_rate=15.32 | rate=15.32 | baseline=0.75
[2026-04-27T22:49:37] GLOBAL_ANOMALY | condition=global_zscore=3.61 | global_rate=15.33 | rate=15.33 | baseline=0.75
[2026-04-27T22:49:37] GLOBAL_ANOMALY | condition=global_zscore=3.61 | global_rate=15.35 | rate=15.35 | baseline=0.75
[2026-04-27T22:49:37] GLOBAL_ANOMALY | condition=global_zscore=3.61 | global_rate=15.37 | rate=15.37 | baseline=0.75
[2026-04-27T22:49:37] GLOBAL_ANOMALY | condition=global_zscore=3.62 | global_rate=15.38 | rate=15.38 | baseline=0.75
[2026-04-27T22:49:37] GLOBAL_ANOMALY | condition=global_zscore=3.62 | global_rate=15.40 | rate=15.40 | baseline=0.75
[2026-04-27T22:49:37] GLOBAL_ANOMALY | condition=global_zscore=3.63 | global_rate=15.42 | rate=15.42 | baseline=0.75
[2026-04-27T22:49:37] GLOBAL_ANOMALY | condition=global_zscore=3.63 | global_rate=15.43 | rate=15.43 | baseline=0.75
[2026-04-27T22:49:37] GLOBAL_ANOMALY | condition=global_zscore=3.63 | global_rate=15.45 | rate=15.45 | baseline=0.75
[2026-04-27T22:49:37] GLOBAL_ANOMALY | condition=global_zscore=3.64 | global_rate=15.47 | rate=15.47 | baseline=0.75
[2026-04-27T22:49:37] GLOBAL_ANOMALY | condition=global_zscore=3.64 | global_rate=15.48 | rate=15.48 | baseline=0.75
[2026-04-27T22:49:37] GLOBAL_ANOMALY | condition=global_zscore=3.65 | global_rate=15.50 | rate=15.50 | baseline=0.75
[2026-04-27T22:49:38] GLOBAL_ANOMALY | condition=global_zscore=3.65 | global_rate=15.52 | rate=15.52 | baseline=0.75
[2026-04-27T22:49:38] GLOBAL_ANOMALY | condition=global_zscore=3.65 | global_rate=15.53 | rate=15.53 | baseline=0.75
[2026-04-27T22:49:38] GLOBAL_ANOMALY | condition=global_zscore=3.66 | global_rate=15.55 | rate=15.55 | baseline=0.75
[2026-04-27T22:49:38] GLOBAL_ANOMALY | condition=global_zscore=3.66 | global_rate=15.57 | rate=15.57 | baseline=0.75
[2026-04-27T22:49:38] GLOBAL_ANOMALY | condition=global_zscore=3.67 | global_rate=15.58 | rate=15.58 | baseline=0.75
[2026-04-27T22:49:38] GLOBAL_ANOMALY | condition=global_zscore=3.67 | global_rate=15.60 | rate=15.60 | baseline=0.75
[2026-04-27T22:49:38] GLOBAL_ANOMALY | condition=global_zscore=3.68 | global_rate=15.62 | rate=15.62 | baseline=0.75
[2026-04-27T22:49:38] GLOBAL_ANOMALY | condition=global_zscore=3.68 | global_rate=15.63 | rate=15.63 | baseline=0.75
[2026-04-27T22:49:38] GLOBAL_ANOMALY | condition=global_zscore=3.68 | global_rate=15.65 | rate=15.65 | baseline=0.75
[2026-04-27T22:49:38] GLOBAL_ANOMALY | condition=global_zscore=3.69 | global_rate=15.67 | rate=15.67 | baseline=0.75
[2026-04-27T22:49:38] GLOBAL_ANOMALY | condition=global_zscore=3.69 | global_rate=15.68 | rate=15.68 | baseline=0.75
[2026-04-27T22:49:38] GLOBAL_ANOMALY | condition=global_zscore=3.70 | global_rate=15.70 | rate=15.70 | baseline=0.75
[2026-04-27T22:49:38] GLOBAL_ANOMALY | condition=global_zscore=3.70 | global_rate=15.72 | rate=15.72 | baseline=0.75
[2026-04-27T22:49:38] GLOBAL_ANOMALY | condition=global_zscore=3.70 | global_rate=15.73 | rate=15.73 | baseline=0.75
[2026-04-27T22:49:38] GLOBAL_ANOMALY | condition=global_zscore=3.71 | global_rate=15.75 | rate=15.75 | baseline=0.75
[2026-04-27T22:49:38] GLOBAL_ANOMALY | condition=global_zscore=3.71 | global_rate=15.77 | rate=15.77 | baseline=0.75
[2026-04-27T22:49:38] GLOBAL_ANOMALY | condition=global_zscore=3.72 | global_rate=15.78 | rate=15.78 | baseline=0.75
[2026-04-27T22:49:38] GLOBAL_ANOMALY | condition=global_zscore=3.72 | global_rate=15.80 | rate=15.80 | baseline=0.75
[2026-04-27T22:49:38] GLOBAL_ANOMALY | condition=global_zscore=3.72 | global_rate=15.82 | rate=15.82 | baseline=0.75
[2026-04-27T22:49:38] GLOBAL_ANOMALY | condition=global_zscore=3.73 | global_rate=15.83 | rate=15.83 | baseline=0.75
[2026-04-27T22:49:38] GLOBAL_ANOMALY | condition=global_zscore=3.73 | global_rate=15.85 | rate=15.85 | baseline=0.75
[2026-04-27T22:49:38] GLOBAL_ANOMALY | condition=global_zscore=3.74 | global_rate=15.87 | rate=15.87 | baseline=0.75
[2026-04-27T22:49:38] GLOBAL_ANOMALY | condition=global_zscore=3.74 | global_rate=15.88 | rate=15.88 | baseline=0.75
[2026-04-27T22:49:38] GLOBAL_ANOMALY | condition=global_zscore=3.75 | global_rate=15.90 | rate=15.90 | baseline=0.75
[2026-04-27T22:49:38] GLOBAL_ANOMALY | condition=global_zscore=3.75 | global_rate=15.92 | rate=15.92 | baseline=0.75
[2026-04-27T22:49:38] GLOBAL_ANOMALY | condition=global_zscore=3.75 | global_rate=15.93 | rate=15.93 | baseline=0.75
[2026-04-27T22:49:38] GLOBAL_ANOMALY | condition=global_zscore=3.76 | global_rate=15.95 | rate=15.95 | baseline=0.75
[2026-04-27T22:49:38] GLOBAL_ANOMALY | condition=global_zscore=3.76 | global_rate=15.97 | rate=15.97 | baseline=0.75
[2026-04-27T22:49:38] GLOBAL_ANOMALY | condition=global_zscore=3.77 | global_rate=15.98 | rate=15.98 | baseline=0.75
[2026-04-27T22:49:38] GLOBAL_ANOMALY | condition=global_zscore=3.77 | global_rate=16.00 | rate=16.00 | baseline=0.75
[2026-04-27T22:49:38] GLOBAL_ANOMALY | condition=global_zscore=3.77 | global_rate=16.02 | rate=16.02 | baseline=0.75
[2026-04-27T22:49:38] GLOBAL_ANOMALY | condition=global_zscore=3.78 | global_rate=16.03 | rate=16.03 | baseline=0.75
[2026-04-27T22:49:38] GLOBAL_ANOMALY | condition=global_zscore=3.78 | global_rate=16.05 | rate=16.05 | baseline=0.75
[2026-04-27T22:49:38] GLOBAL_ANOMALY | condition=global_zscore=3.79 | global_rate=16.07 | rate=16.07 | baseline=0.75
[2026-04-27T22:49:38] GLOBAL_ANOMALY | condition=global_zscore=3.79 | global_rate=16.08 | rate=16.08 | baseline=0.75
[2026-04-27T22:49:38] GLOBAL_ANOMALY | condition=global_zscore=3.79 | global_rate=16.10 | rate=16.10 | baseline=0.75
[2026-04-27T22:49:38] GLOBAL_ANOMALY | condition=global_zscore=3.80 | global_rate=16.12 | rate=16.12 | baseline=0.75
[2026-04-27T22:49:38] GLOBAL_ANOMALY | condition=global_zscore=3.80 | global_rate=16.13 | rate=16.13 | baseline=0.75
[2026-04-27T22:49:38] GLOBAL_ANOMALY | condition=global_zscore=3.81 | global_rate=16.15 | rate=16.15 | baseline=0.75
[2026-04-27T22:49:38] GLOBAL_ANOMALY | condition=global_zscore=3.81 | global_rate=16.17 | rate=16.17 | baseline=0.75
[2026-04-27T22:49:38] GLOBAL_ANOMALY | condition=global_zscore=3.82 | global_rate=16.18 | rate=16.18 | baseline=0.75
[2026-04-27T22:49:38] GLOBAL_ANOMALY | condition=global_zscore=3.82 | global_rate=16.20 | rate=16.20 | baseline=0.75
[2026-04-27T22:49:38] GLOBAL_ANOMALY | condition=global_zscore=3.82 | global_rate=16.22 | rate=16.22 | baseline=0.75
[2026-04-27T22:49:38] GLOBAL_ANOMALY | condition=global_zscore=3.83 | global_rate=16.23 | rate=16.23 | baseline=0.75
[2026-04-27T22:49:38] GLOBAL_ANOMALY | condition=global_zscore=3.83 | global_rate=16.25 | rate=16.25 | baseline=0.75
[2026-04-27T22:49:38] GLOBAL_ANOMALY | condition=global_zscore=3.84 | global_rate=16.27 | rate=16.27 | baseline=0.75
[2026-04-27T22:49:38] GLOBAL_ANOMALY | condition=global_zscore=3.84 | global_rate=16.28 | rate=16.28 | baseline=0.75
[2026-04-27T22:49:38] GLOBAL_ANOMALY | condition=global_zscore=3.84 | global_rate=16.30 | rate=16.30 | baseline=0.75
[2026-04-27T22:49:38] GLOBAL_ANOMALY | condition=global_zscore=3.85 | global_rate=16.32 | rate=16.32 | baseline=0.75
[2026-04-27T22:49:38] GLOBAL_ANOMALY | condition=global_zscore=3.85 | global_rate=16.33 | rate=16.33 | baseline=0.75
[2026-04-27T22:49:38] GLOBAL_ANOMALY | condition=global_zscore=3.86 | global_rate=16.35 | rate=16.35 | baseline=0.75
[2026-04-27T22:49:38] GLOBAL_ANOMALY | condition=global_zscore=3.86 | global_rate=16.37 | rate=16.37 | baseline=0.75
[2026-04-27T22:49:38] GLOBAL_ANOMALY | condition=global_zscore=3.86 | global_rate=16.38 | rate=16.38 | baseline=0.75
[2026-04-27T22:49:38] GLOBAL_ANOMALY | condition=global_zscore=3.87 | global_rate=16.40 | rate=16.40 | baseline=0.75
[2026-04-27T22:49:38] GLOBAL_ANOMALY | condition=global_zscore=3.87 | global_rate=16.42 | rate=16.42 | baseline=0.75
[2026-04-27T22:49:38] GLOBAL_ANOMALY | condition=global_zscore=3.88 | global_rate=16.43 | rate=16.43 | baseline=0.75
[2026-04-27T22:49:38] GLOBAL_ANOMALY | condition=global_zscore=3.88 | global_rate=16.45 | rate=16.45 | baseline=0.75
[2026-04-27T22:49:38] GLOBAL_ANOMALY | condition=global_zscore=3.89 | global_rate=16.47 | rate=16.47 | baseline=0.75
[2026-04-27T22:49:39] GLOBAL_ANOMALY | condition=global_zscore=3.89 | global_rate=16.48 | rate=16.48 | baseline=0.75
[2026-04-27T22:49:39] GLOBAL_ANOMALY | condition=global_zscore=3.89 | global_rate=16.50 | rate=16.50 | baseline=0.75
[2026-04-27T22:49:39] GLOBAL_ANOMALY | condition=global_zscore=3.90 | global_rate=16.52 | rate=16.52 | baseline=0.75
[2026-04-27T22:49:39] GLOBAL_ANOMALY | condition=global_zscore=3.90 | global_rate=16.53 | rate=16.53 | baseline=0.75
[2026-04-27T22:49:39] GLOBAL_ANOMALY | condition=global_zscore=3.91 | global_rate=16.55 | rate=16.55 | baseline=0.75
[2026-04-27T22:49:39] GLOBAL_ANOMALY | condition=global_zscore=3.91 | global_rate=16.57 | rate=16.57 | baseline=0.75
[2026-04-27T22:49:39] GLOBAL_ANOMALY | condition=global_zscore=3.91 | global_rate=16.58 | rate=16.58 | baseline=0.75
[2026-04-27T22:49:39] GLOBAL_ANOMALY | condition=global_zscore=3.92 | global_rate=16.60 | rate=16.60 | baseline=0.75
[2026-04-27T22:49:39] GLOBAL_ANOMALY | condition=global_zscore=3.92 | global_rate=16.62 | rate=16.62 | baseline=0.75
[2026-04-27T22:49:39] GLOBAL_ANOMALY | condition=global_zscore=3.93 | global_rate=16.63 | rate=16.63 | baseline=0.75
[2026-04-27T22:49:39] GLOBAL_ANOMALY | condition=global_zscore=3.93 | global_rate=16.65 | rate=16.65 | baseline=0.75
[2026-04-27T22:49:39] GLOBAL_ANOMALY | condition=global_zscore=3.93 | global_rate=16.67 | rate=16.67 | baseline=0.75
[2026-04-27T22:49:39] GLOBAL_ANOMALY | condition=global_zscore=3.94 | global_rate=16.68 | rate=16.68 | baseline=0.75
[2026-04-27T22:49:39] GLOBAL_ANOMALY | condition=global_zscore=3.94 | global_rate=16.70 | rate=16.70 | baseline=0.75
[2026-04-27T22:49:39] GLOBAL_ANOMALY | condition=global_zscore=3.95 | global_rate=16.72 | rate=16.72 | baseline=0.75
[2026-04-27T22:49:39] GLOBAL_ANOMALY | condition=global_zscore=3.95 | global_rate=16.73 | rate=16.73 | baseline=0.75
[2026-04-27T22:49:39] GLOBAL_ANOMALY | condition=global_zscore=3.96 | global_rate=16.75 | rate=16.75 | baseline=0.75
[2026-04-27T22:49:39] GLOBAL_ANOMALY | condition=global_zscore=3.96 | global_rate=16.77 | rate=16.77 | baseline=0.75
[2026-04-27T22:49:39] GLOBAL_ANOMALY | condition=global_zscore=3.96 | global_rate=16.78 | rate=16.78 | baseline=0.75
[2026-04-27T22:49:39] GLOBAL_ANOMALY | condition=global_zscore=3.97 | global_rate=16.80 | rate=16.80 | baseline=0.75
[2026-04-27T22:49:39] GLOBAL_ANOMALY | condition=global_zscore=3.97 | global_rate=16.82 | rate=16.82 | baseline=0.75
[2026-04-27T22:49:39] GLOBAL_ANOMALY | condition=global_zscore=3.98 | global_rate=16.83 | rate=16.83 | baseline=0.75
[2026-04-27T22:49:39] GLOBAL_ANOMALY | condition=global_zscore=3.98 | global_rate=16.85 | rate=16.85 | baseline=0.75
[2026-04-27T22:49:39] GLOBAL_ANOMALY | condition=global_zscore=3.98 | global_rate=16.87 | rate=16.87 | baseline=0.75
[2026-04-27T22:49:39] GLOBAL_ANOMALY | condition=global_zscore=3.99 | global_rate=16.88 | rate=16.88 | baseline=0.75
[2026-04-27T22:49:39] GLOBAL_ANOMALY | condition=global_zscore=3.99 | global_rate=16.90 | rate=16.90 | baseline=0.75
[2026-04-27T22:49:39] GLOBAL_ANOMALY | condition=global_zscore=4.00 | global_rate=16.92 | rate=16.92 | baseline=0.75
[2026-04-27T22:49:39] GLOBAL_ANOMALY | condition=global_zscore=4.00 | global_rate=16.93 | rate=16.93 | baseline=0.75
[2026-04-27T22:49:39] GLOBAL_ANOMALY | condition=global_zscore=4.00 | global_rate=16.95 | rate=16.95 | baseline=0.75
[2026-04-27T22:49:39] GLOBAL_ANOMALY | condition=global_zscore=4.01 | global_rate=16.97 | rate=16.97 | baseline=0.75
[2026-04-27T22:49:39] GLOBAL_ANOMALY | condition=global_zscore=4.01 | global_rate=16.98 | rate=16.98 | baseline=0.75
[2026-04-27T22:49:39] GLOBAL_ANOMALY | condition=global_zscore=4.02 | global_rate=17.00 | rate=17.00 | baseline=0.75
[2026-04-27T22:49:39] GLOBAL_ANOMALY | condition=global_zscore=4.02 | global_rate=17.02 | rate=17.02 | baseline=0.75
[2026-04-27T22:49:39] GLOBAL_ANOMALY | condition=global_zscore=4.03 | global_rate=17.03 | rate=17.03 | baseline=0.75
[2026-04-27T22:49:39] GLOBAL_ANOMALY | condition=global_zscore=4.03 | global_rate=17.05 | rate=17.05 | baseline=0.75
[2026-04-27T22:49:39] GLOBAL_ANOMALY | condition=global_zscore=4.03 | global_rate=17.07 | rate=17.07 | baseline=0.75
[2026-04-27T22:49:39] GLOBAL_ANOMALY | condition=global_zscore=4.04 | global_rate=17.08 | rate=17.08 | baseline=0.75
[2026-04-27T22:49:39] GLOBAL_ANOMALY | condition=global_zscore=4.04 | global_rate=17.10 | rate=17.10 | baseline=0.75
[2026-04-27T22:49:39] GLOBAL_ANOMALY | condition=global_zscore=4.05 | global_rate=17.12 | rate=17.12 | baseline=0.75
[2026-04-27T22:49:39] GLOBAL_ANOMALY | condition=global_zscore=4.05 | global_rate=17.13 | rate=17.13 | baseline=0.75
[2026-04-27T22:49:39] GLOBAL_ANOMALY | condition=global_zscore=4.05 | global_rate=17.15 | rate=17.15 | baseline=0.75
[2026-04-27T22:49:39] GLOBAL_ANOMALY | condition=global_zscore=4.06 | global_rate=17.17 | rate=17.17 | baseline=0.75
[2026-04-27T22:49:39] GLOBAL_ANOMALY | condition=global_zscore=4.06 | global_rate=17.18 | rate=17.18 | baseline=0.75
[2026-04-27T22:49:39] GLOBAL_ANOMALY | condition=global_zscore=4.07 | global_rate=17.20 | rate=17.20 | baseline=0.75
[2026-04-27T22:49:39] GLOBAL_ANOMALY | condition=global_zscore=4.07 | global_rate=17.22 | rate=17.22 | baseline=0.75
[2026-04-27T22:49:39] GLOBAL_ANOMALY | condition=global_zscore=4.07 | global_rate=17.23 | rate=17.23 | baseline=0.75
[2026-04-27T22:49:39] GLOBAL_ANOMALY | condition=global_zscore=4.08 | global_rate=17.25 | rate=17.25 | baseline=0.75
[2026-04-27T22:49:39] GLOBAL_ANOMALY | condition=global_zscore=4.08 | global_rate=17.27 | rate=17.27 | baseline=0.75
[2026-04-27T22:49:39] GLOBAL_ANOMALY | condition=global_zscore=4.09 | global_rate=17.28 | rate=17.28 | baseline=0.75
[2026-04-27T22:49:39] GLOBAL_ANOMALY | condition=global_zscore=4.09 | global_rate=17.30 | rate=17.30 | baseline=0.75
[2026-04-27T22:49:39] GLOBAL_ANOMALY | condition=global_zscore=4.10 | global_rate=17.32 | rate=17.32 | baseline=0.75
[2026-04-27T22:49:39] GLOBAL_ANOMALY | condition=global_zscore=4.10 | global_rate=17.33 | rate=17.33 | baseline=0.75
[2026-04-27T22:49:39] GLOBAL_ANOMALY | condition=global_zscore=4.10 | global_rate=17.35 | rate=17.35 | baseline=0.75
[2026-04-27T22:49:39] GLOBAL_ANOMALY | condition=global_zscore=4.11 | global_rate=17.37 | rate=17.37 | baseline=0.75
[2026-04-27T22:49:39] GLOBAL_ANOMALY | condition=global_zscore=4.11 | global_rate=17.38 | rate=17.38 | baseline=0.75
[2026-04-27T22:49:39] GLOBAL_ANOMALY | condition=global_zscore=4.12 | global_rate=17.40 | rate=17.40 | baseline=0.75
[2026-04-27T22:49:39] GLOBAL_ANOMALY | condition=global_zscore=4.12 | global_rate=17.42 | rate=17.42 | baseline=0.75
[2026-04-27T22:49:39] GLOBAL_ANOMALY | condition=global_zscore=4.12 | global_rate=17.43 | rate=17.43 | baseline=0.75
[2026-04-27T22:49:39] GLOBAL_ANOMALY | condition=global_zscore=4.13 | global_rate=17.45 | rate=17.45 | baseline=0.75
[2026-04-27T22:49:39] GLOBAL_ANOMALY | condition=global_zscore=4.13 | global_rate=17.47 | rate=17.47 | baseline=0.75
[2026-04-27T22:49:39] GLOBAL_ANOMALY | condition=global_zscore=4.14 | global_rate=17.48 | rate=17.48 | baseline=0.75
[2026-04-27T22:49:39] GLOBAL_ANOMALY | condition=global_zscore=4.14 | global_rate=17.50 | rate=17.50 | baseline=0.75
[2026-04-27T22:49:39] GLOBAL_ANOMALY | condition=global_zscore=4.14 | global_rate=17.52 | rate=17.52 | baseline=0.75
[2026-04-27T22:49:39] GLOBAL_ANOMALY | condition=global_zscore=4.15 | global_rate=17.53 | rate=17.53 | baseline=0.75
[2026-04-27T22:49:39] GLOBAL_ANOMALY | condition=global_zscore=4.15 | global_rate=17.55 | rate=17.55 | baseline=0.75
[2026-04-27T22:49:39] GLOBAL_ANOMALY | condition=global_zscore=4.16 | global_rate=17.57 | rate=17.57 | baseline=0.75
[2026-04-27T22:49:39] GLOBAL_ANOMALY | condition=global_zscore=4.16 | global_rate=17.58 | rate=17.58 | baseline=0.75
[2026-04-27T22:49:39] GLOBAL_ANOMALY | condition=global_zscore=4.17 | global_rate=17.60 | rate=17.60 | baseline=0.75
[2026-04-27T22:49:39] GLOBAL_ANOMALY | condition=global_zscore=4.17 | global_rate=17.62 | rate=17.62 | baseline=0.75
[2026-04-27T22:49:39] GLOBAL_ANOMALY | condition=global_zscore=4.17 | global_rate=17.63 | rate=17.63 | baseline=0.75
[2026-04-27T22:49:39] GLOBAL_ANOMALY | condition=global_zscore=4.18 | global_rate=17.65 | rate=17.65 | baseline=0.75
[2026-04-27T22:49:39] GLOBAL_ANOMALY | condition=global_zscore=4.18 | global_rate=17.67 | rate=17.67 | baseline=0.75
[2026-04-27T22:49:39] GLOBAL_ANOMALY | condition=global_zscore=4.19 | global_rate=17.68 | rate=17.68 | baseline=0.75
[2026-04-27T22:49:39] GLOBAL_ANOMALY | condition=global_zscore=4.19 | global_rate=17.70 | rate=17.70 | baseline=0.75
[2026-04-27T22:49:39] GLOBAL_ANOMALY | condition=global_zscore=4.19 | global_rate=17.72 | rate=17.72 | baseline=0.75
[2026-04-27T22:49:39] GLOBAL_ANOMALY | condition=global_zscore=4.20 | global_rate=17.73 | rate=17.73 | baseline=0.75
[2026-04-27T22:49:39] GLOBAL_ANOMALY | condition=global_zscore=4.20 | global_rate=17.75 | rate=17.75 | baseline=0.75
[2026-04-27T22:49:39] GLOBAL_ANOMALY | condition=global_zscore=4.21 | global_rate=17.77 | rate=17.77 | baseline=0.75
[2026-04-27T22:49:39] GLOBAL_ANOMALY | condition=global_zscore=4.21 | global_rate=17.78 | rate=17.78 | baseline=0.75
[2026-04-27T22:49:39] GLOBAL_ANOMALY | condition=global_zscore=4.21 | global_rate=17.80 | rate=17.80 | baseline=0.75
[2026-04-27T22:49:39] GLOBAL_ANOMALY | condition=global_zscore=4.22 | global_rate=17.82 | rate=17.82 | baseline=0.75
[2026-04-27T22:49:39] GLOBAL_ANOMALY | condition=global_zscore=4.22 | global_rate=17.83 | rate=17.83 | baseline=0.75
[2026-04-27T22:49:39] GLOBAL_ANOMALY | condition=global_zscore=4.23 | global_rate=17.85 | rate=17.85 | baseline=0.75
[2026-04-27T22:49:40] GLOBAL_ANOMALY | condition=global_zscore=4.23 | global_rate=17.87 | rate=17.87 | baseline=0.75
[2026-04-27T22:49:40] GLOBAL_ANOMALY | condition=global_zscore=4.24 | global_rate=17.88 | rate=17.88 | baseline=0.75
[2026-04-27T22:49:40] GLOBAL_ANOMALY | condition=global_zscore=4.24 | global_rate=17.90 | rate=17.90 | baseline=0.75
[2026-04-27T22:49:40] GLOBAL_ANOMALY | condition=global_zscore=4.24 | global_rate=17.92 | rate=17.92 | baseline=0.75
[2026-04-27T22:49:40] GLOBAL_ANOMALY | condition=global_zscore=4.25 | global_rate=17.93 | rate=17.93 | baseline=0.75
[2026-04-27T22:49:40] GLOBAL_ANOMALY | condition=global_zscore=4.25 | global_rate=17.95 | rate=17.95 | baseline=0.75
[2026-04-27T22:49:40] GLOBAL_ANOMALY | condition=global_zscore=4.26 | global_rate=17.97 | rate=17.97 | baseline=0.75
[2026-04-27T22:49:40] GLOBAL_ANOMALY | condition=global_zscore=4.26 | global_rate=17.98 | rate=17.98 | baseline=0.75
[2026-04-27T22:49:40] GLOBAL_ANOMALY | condition=global_zscore=4.26 | global_rate=18.00 | rate=18.00 | baseline=0.75
[2026-04-27T22:49:40] GLOBAL_ANOMALY | condition=global_zscore=4.27 | global_rate=18.02 | rate=18.02 | baseline=0.75
[2026-04-27T22:49:40] GLOBAL_ANOMALY | condition=global_zscore=4.27 | global_rate=18.03 | rate=18.03 | baseline=0.75
[2026-04-27T22:49:40] GLOBAL_ANOMALY | condition=global_zscore=4.28 | global_rate=18.05 | rate=18.05 | baseline=0.75
[2026-04-27T22:49:40] GLOBAL_ANOMALY | condition=global_zscore=4.28 | global_rate=18.07 | rate=18.07 | baseline=0.75
[2026-04-27T22:49:40] GLOBAL_ANOMALY | condition=global_zscore=4.29 | global_rate=18.08 | rate=18.08 | baseline=0.75
[2026-04-27T22:49:40] GLOBAL_ANOMALY | condition=global_zscore=4.29 | global_rate=18.10 | rate=18.10 | baseline=0.75
[2026-04-27T22:49:40] GLOBAL_ANOMALY | condition=global_zscore=4.29 | global_rate=18.12 | rate=18.12 | baseline=0.75
[2026-04-27T22:49:40] GLOBAL_ANOMALY | condition=global_zscore=4.30 | global_rate=18.13 | rate=18.13 | baseline=0.75
[2026-04-27T22:49:40] GLOBAL_ANOMALY | condition=global_zscore=4.30 | global_rate=18.15 | rate=18.15 | baseline=0.75
[2026-04-27T22:49:40] GLOBAL_ANOMALY | condition=global_zscore=4.31 | global_rate=18.17 | rate=18.17 | baseline=0.75
[2026-04-27T22:49:40] GLOBAL_ANOMALY | condition=global_zscore=4.31 | global_rate=18.18 | rate=18.18 | baseline=0.75
[2026-04-27T22:49:40] GLOBAL_ANOMALY | condition=global_zscore=4.31 | global_rate=18.20 | rate=18.20 | baseline=0.75
[2026-04-27T22:49:40] GLOBAL_ANOMALY | condition=global_zscore=4.32 | global_rate=18.22 | rate=18.22 | baseline=0.75
[2026-04-27T22:49:40] GLOBAL_ANOMALY | condition=global_zscore=4.32 | global_rate=18.23 | rate=18.23 | baseline=0.75
[2026-04-27T22:49:40] GLOBAL_ANOMALY | condition=global_zscore=4.33 | global_rate=18.25 | rate=18.25 | baseline=0.75
[2026-04-27T22:49:40] GLOBAL_ANOMALY | condition=global_zscore=4.33 | global_rate=18.27 | rate=18.27 | baseline=0.75
[2026-04-27T22:49:40] GLOBAL_ANOMALY | condition=global_zscore=4.33 | global_rate=18.28 | rate=18.28 | baseline=0.75
[2026-04-27T22:49:40] GLOBAL_ANOMALY | condition=global_zscore=4.34 | global_rate=18.30 | rate=18.30 | baseline=0.75
[2026-04-27T22:49:40] GLOBAL_ANOMALY | condition=global_zscore=4.34 | global_rate=18.32 | rate=18.32 | baseline=0.75
[2026-04-27T22:49:40] GLOBAL_ANOMALY | condition=global_zscore=4.35 | global_rate=18.33 | rate=18.33 | baseline=0.75
[2026-04-27T22:49:40] GLOBAL_ANOMALY | condition=global_zscore=4.35 | global_rate=18.35 | rate=18.35 | baseline=0.75
[2026-04-27T22:49:40] GLOBAL_ANOMALY | condition=global_zscore=4.36 | global_rate=18.37 | rate=18.37 | baseline=0.75
[2026-04-27T22:49:40] GLOBAL_ANOMALY | condition=global_zscore=4.36 | global_rate=18.38 | rate=18.38 | baseline=0.75
[2026-04-27T22:49:40] GLOBAL_ANOMALY | condition=global_zscore=4.36 | global_rate=18.40 | rate=18.40 | baseline=0.75
[2026-04-27T22:49:40] GLOBAL_ANOMALY | condition=global_zscore=4.37 | global_rate=18.42 | rate=18.42 | baseline=0.75
[2026-04-27T22:49:40] GLOBAL_ANOMALY | condition=global_zscore=4.37 | global_rate=18.43 | rate=18.43 | baseline=0.75
[2026-04-27T22:49:40] GLOBAL_ANOMALY | condition=global_zscore=4.38 | global_rate=18.45 | rate=18.45 | baseline=0.75
[2026-04-27T22:49:40] GLOBAL_ANOMALY | condition=global_zscore=4.38 | global_rate=18.47 | rate=18.47 | baseline=0.75
[2026-04-27T22:49:40] GLOBAL_ANOMALY | condition=global_zscore=4.38 | global_rate=18.48 | rate=18.48 | baseline=0.75
[2026-04-27T22:49:40] GLOBAL_ANOMALY | condition=global_zscore=4.39 | global_rate=18.50 | rate=18.50 | baseline=0.75
[2026-04-27T22:49:40] GLOBAL_ANOMALY | condition=global_zscore=4.39 | global_rate=18.52 | rate=18.52 | baseline=0.75
[2026-04-27T22:49:40] GLOBAL_ANOMALY | condition=global_zscore=4.40 | global_rate=18.53 | rate=18.53 | baseline=0.75
[2026-04-27T22:49:40] GLOBAL_ANOMALY | condition=global_zscore=4.40 | global_rate=18.55 | rate=18.55 | baseline=0.75
[2026-04-27T22:49:40] GLOBAL_ANOMALY | condition=global_zscore=4.40 | global_rate=18.57 | rate=18.57 | baseline=0.75
[2026-04-27T22:49:40] GLOBAL_ANOMALY | condition=global_zscore=4.41 | global_rate=18.58 | rate=18.58 | baseline=0.75
[2026-04-27T22:49:40] GLOBAL_ANOMALY | condition=global_zscore=4.41 | global_rate=18.60 | rate=18.60 | baseline=0.75
[2026-04-27T22:49:40] GLOBAL_ANOMALY | condition=global_zscore=4.42 | global_rate=18.62 | rate=18.62 | baseline=0.75
[2026-04-27T22:49:40] GLOBAL_ANOMALY | condition=global_zscore=4.42 | global_rate=18.63 | rate=18.63 | baseline=0.75
[2026-04-27T22:49:40] GLOBAL_ANOMALY | condition=global_zscore=4.43 | global_rate=18.65 | rate=18.65 | baseline=0.75
[2026-04-27T22:49:40] GLOBAL_ANOMALY | condition=global_zscore=4.43 | global_rate=18.67 | rate=18.67 | baseline=0.75
[2026-04-27T22:49:40] GLOBAL_ANOMALY | condition=global_zscore=4.43 | global_rate=18.68 | rate=18.68 | baseline=0.75
[2026-04-27T22:49:40] GLOBAL_ANOMALY | condition=global_zscore=4.44 | global_rate=18.70 | rate=18.70 | baseline=0.75
[2026-04-27T22:49:40] GLOBAL_ANOMALY | condition=global_zscore=4.44 | global_rate=18.72 | rate=18.72 | baseline=0.75
[2026-04-27T22:49:40] GLOBAL_ANOMALY | condition=global_zscore=4.45 | global_rate=18.73 | rate=18.73 | baseline=0.75
[2026-04-27T22:49:40] GLOBAL_ANOMALY | condition=global_zscore=4.45 | global_rate=18.75 | rate=18.75 | baseline=0.75
[2026-04-27T22:49:40] GLOBAL_ANOMALY | condition=global_zscore=4.45 | global_rate=18.77 | rate=18.77 | baseline=0.75
[2026-04-27T22:49:40] GLOBAL_ANOMALY | condition=global_zscore=4.46 | global_rate=18.78 | rate=18.78 | baseline=0.75
[2026-04-27T22:49:40] GLOBAL_ANOMALY | condition=global_zscore=4.46 | global_rate=18.80 | rate=18.80 | baseline=0.75
[2026-04-27T22:49:40] GLOBAL_ANOMALY | condition=global_zscore=4.47 | global_rate=18.82 | rate=18.82 | baseline=0.75
[2026-04-27T22:49:40] GLOBAL_ANOMALY | condition=global_zscore=4.47 | global_rate=18.83 | rate=18.83 | baseline=0.75
[2026-04-27T22:49:40] GLOBAL_ANOMALY | condition=global_zscore=4.47 | global_rate=18.85 | rate=18.85 | baseline=0.75
[2026-04-27T22:49:40] GLOBAL_ANOMALY | condition=global_zscore=4.48 | global_rate=18.87 | rate=18.87 | baseline=0.75
[2026-04-27T22:49:40] GLOBAL_ANOMALY | condition=global_zscore=4.48 | global_rate=18.88 | rate=18.88 | baseline=0.75
[2026-04-27T22:49:40] GLOBAL_ANOMALY | condition=global_zscore=4.49 | global_rate=18.90 | rate=18.90 | baseline=0.75
[2026-04-27T22:49:40] GLOBAL_ANOMALY | condition=global_zscore=4.49 | global_rate=18.92 | rate=18.92 | baseline=0.75
[2026-04-27T22:49:40] GLOBAL_ANOMALY | condition=global_zscore=4.50 | global_rate=18.93 | rate=18.93 | baseline=0.75
[2026-04-27T22:49:40] GLOBAL_ANOMALY | condition=global_zscore=4.50 | global_rate=18.95 | rate=18.95 | baseline=0.75
[2026-04-27T22:49:40] GLOBAL_ANOMALY | condition=global_zscore=4.50 | global_rate=18.97 | rate=18.97 | baseline=0.75
[2026-04-27T22:49:40] GLOBAL_ANOMALY | condition=global_zscore=4.51 | global_rate=18.98 | rate=18.98 | baseline=0.75
[2026-04-27T22:49:40] GLOBAL_ANOMALY | condition=global_zscore=4.51 | global_rate=19.00 | rate=19.00 | baseline=0.75
[2026-04-27T22:49:40] GLOBAL_ANOMALY | condition=global_zscore=4.52 | global_rate=19.02 | rate=19.02 | baseline=0.75
[2026-04-27T22:49:40] GLOBAL_ANOMALY | condition=global_zscore=4.52 | global_rate=19.03 | rate=19.03 | baseline=0.75
[2026-04-27T22:49:40] GLOBAL_ANOMALY | condition=global_zscore=4.52 | global_rate=19.05 | rate=19.05 | baseline=0.75
[2026-04-27T22:49:40] GLOBAL_ANOMALY | condition=global_zscore=4.53 | global_rate=19.07 | rate=19.07 | baseline=0.75
[2026-04-27T22:49:40] GLOBAL_ANOMALY | condition=global_zscore=4.53 | global_rate=19.08 | rate=19.08 | baseline=0.75
[2026-04-27T22:49:40] GLOBAL_ANOMALY | condition=global_zscore=4.54 | global_rate=19.10 | rate=19.10 | baseline=0.75
[2026-04-27T22:49:40] GLOBAL_ANOMALY | condition=global_zscore=4.54 | global_rate=19.12 | rate=19.12 | baseline=0.75
[2026-04-27T22:49:40] GLOBAL_ANOMALY | condition=global_zscore=4.54 | global_rate=19.13 | rate=19.13 | baseline=0.75
[2026-04-27T22:49:40] GLOBAL_ANOMALY | condition=global_zscore=4.55 | global_rate=19.15 | rate=19.15 | baseline=0.75
[2026-04-27T22:49:40] GLOBAL_ANOMALY | condition=global_zscore=4.55 | global_rate=19.17 | rate=19.17 | baseline=0.75
[2026-04-27T22:49:40] GLOBAL_ANOMALY | condition=global_zscore=4.56 | global_rate=19.18 | rate=19.18 | baseline=0.75
[2026-04-27T22:49:40] GLOBAL_ANOMALY | condition=global_zscore=4.56 | global_rate=19.20 | rate=19.20 | baseline=0.75
[2026-04-27T22:49:40] GLOBAL_ANOMALY | condition=global_zscore=4.57 | global_rate=19.22 | rate=19.22 | baseline=0.75
[2026-04-27T22:49:40] GLOBAL_ANOMALY | condition=global_zscore=4.57 | global_rate=19.23 | rate=19.23 | baseline=0.75
[2026-04-27T22:49:40] GLOBAL_ANOMALY | condition=global_zscore=4.57 | global_rate=19.25 | rate=19.25 | baseline=0.75
[2026-04-27T22:49:40] GLOBAL_ANOMALY | condition=global_zscore=4.58 | global_rate=19.27 | rate=19.27 | baseline=0.75
[2026-04-27T22:49:40] GLOBAL_ANOMALY | condition=global_zscore=4.58 | global_rate=19.28 | rate=19.28 | baseline=0.75
[2026-04-27T22:49:41] GLOBAL_ANOMALY | condition=global_zscore=4.59 | global_rate=19.30 | rate=19.30 | baseline=0.75
[2026-04-27T22:49:41] GLOBAL_ANOMALY | condition=global_zscore=4.59 | global_rate=19.32 | rate=19.32 | baseline=0.75
[2026-04-27T22:49:41] GLOBAL_ANOMALY | condition=global_zscore=4.59 | global_rate=19.33 | rate=19.33 | baseline=0.75
[2026-04-27T22:49:41] GLOBAL_ANOMALY | condition=global_zscore=4.60 | global_rate=19.35 | rate=19.35 | baseline=0.75
[2026-04-27T22:49:41] GLOBAL_ANOMALY | condition=global_zscore=4.60 | global_rate=19.37 | rate=19.37 | baseline=0.75
[2026-04-27T22:49:41] GLOBAL_ANOMALY | condition=global_zscore=4.61 | global_rate=19.38 | rate=19.38 | baseline=0.75
[2026-04-27T22:49:41] GLOBAL_ANOMALY | condition=global_zscore=4.61 | global_rate=19.40 | rate=19.40 | baseline=0.75
[2026-04-27T22:49:41] GLOBAL_ANOMALY | condition=global_zscore=4.61 | global_rate=19.42 | rate=19.42 | baseline=0.75
[2026-04-27T22:49:41] GLOBAL_ANOMALY | condition=global_zscore=4.62 | global_rate=19.43 | rate=19.43 | baseline=0.75
[2026-04-27T22:49:41] GLOBAL_ANOMALY | condition=global_zscore=4.62 | global_rate=19.45 | rate=19.45 | baseline=0.75
[2026-04-27T22:49:41] GLOBAL_ANOMALY | condition=global_zscore=4.63 | global_rate=19.47 | rate=19.47 | baseline=0.75
[2026-04-27T22:49:41] GLOBAL_ANOMALY | condition=global_zscore=4.63 | global_rate=19.48 | rate=19.48 | baseline=0.75
[2026-04-27T22:49:41] GLOBAL_ANOMALY | condition=global_zscore=4.64 | global_rate=19.50 | rate=19.50 | baseline=0.75
[2026-04-27T22:49:41] GLOBAL_ANOMALY | condition=global_zscore=4.64 | global_rate=19.52 | rate=19.52 | baseline=0.75
[2026-04-27T22:49:41] GLOBAL_ANOMALY | condition=global_zscore=4.64 | global_rate=19.53 | rate=19.53 | baseline=0.75
[2026-04-27T22:49:41] GLOBAL_ANOMALY | condition=global_zscore=4.65 | global_rate=19.55 | rate=19.55 | baseline=0.75
[2026-04-27T22:49:41] GLOBAL_ANOMALY | condition=global_zscore=4.65 | global_rate=19.57 | rate=19.57 | baseline=0.75
[2026-04-27T22:49:41] GLOBAL_ANOMALY | condition=global_zscore=4.66 | global_rate=19.58 | rate=19.58 | baseline=0.75
[2026-04-27T22:49:41] GLOBAL_ANOMALY | condition=global_zscore=4.66 | global_rate=19.60 | rate=19.60 | baseline=0.75
[2026-04-27T22:49:41] GLOBAL_ANOMALY | condition=global_zscore=4.66 | global_rate=19.62 | rate=19.62 | baseline=0.75
[2026-04-27T22:49:41] GLOBAL_ANOMALY | condition=global_zscore=4.67 | global_rate=19.63 | rate=19.63 | baseline=0.75
[2026-04-27T22:49:41] GLOBAL_ANOMALY | condition=global_zscore=4.67 | global_rate=19.65 | rate=19.65 | baseline=0.75
[2026-04-27T22:49:41] GLOBAL_ANOMALY | condition=global_zscore=4.68 | global_rate=19.67 | rate=19.67 | baseline=0.75
[2026-04-27T22:49:41] GLOBAL_ANOMALY | condition=global_zscore=4.68 | global_rate=19.68 | rate=19.68 | baseline=0.75
[2026-04-27T22:49:41] GLOBAL_ANOMALY | condition=global_zscore=4.68 | global_rate=19.70 | rate=19.70 | baseline=0.75
[2026-04-27T22:49:41] GLOBAL_ANOMALY | condition=global_zscore=4.69 | global_rate=19.72 | rate=19.72 | baseline=0.75
[2026-04-27T22:49:41] GLOBAL_ANOMALY | condition=global_zscore=4.69 | global_rate=19.73 | rate=19.73 | baseline=0.75
[2026-04-27T22:49:41] GLOBAL_ANOMALY | condition=global_zscore=4.70 | global_rate=19.75 | rate=19.75 | baseline=0.75
[2026-04-27T22:49:41] GLOBAL_ANOMALY | condition=global_zscore=4.70 | global_rate=19.77 | rate=19.77 | baseline=0.75
[2026-04-27T22:49:41] GLOBAL_ANOMALY | condition=global_zscore=4.71 | global_rate=19.78 | rate=19.78 | baseline=0.75
[2026-04-27T22:49:41] GLOBAL_ANOMALY | condition=global_zscore=4.71 | global_rate=19.80 | rate=19.80 | baseline=0.75
[2026-04-27T22:49:41] GLOBAL_ANOMALY | condition=global_zscore=4.71 | global_rate=19.82 | rate=19.82 | baseline=0.75
[2026-04-27T22:49:41] GLOBAL_ANOMALY | condition=global_zscore=4.72 | global_rate=19.83 | rate=19.83 | baseline=0.75
[2026-04-27T22:49:41] GLOBAL_ANOMALY | condition=global_zscore=4.72 | global_rate=19.85 | rate=19.85 | baseline=0.75
[2026-04-27T22:49:41] GLOBAL_ANOMALY | condition=global_zscore=4.73 | global_rate=19.87 | rate=19.87 | baseline=0.75
[2026-04-27T22:49:41] GLOBAL_ANOMALY | condition=global_zscore=4.73 | global_rate=19.88 | rate=19.88 | baseline=0.75
[2026-04-27T22:49:41] GLOBAL_ANOMALY | condition=global_zscore=4.73 | global_rate=19.90 | rate=19.90 | baseline=0.75
[2026-04-27T22:49:41] GLOBAL_ANOMALY | condition=global_zscore=4.74 | global_rate=19.92 | rate=19.92 | baseline=0.75
[2026-04-27T22:49:41] GLOBAL_ANOMALY | condition=global_zscore=4.74 | global_rate=19.93 | rate=19.93 | baseline=0.75
[2026-04-27T22:49:41] GLOBAL_ANOMALY | condition=global_zscore=4.75 | global_rate=19.95 | rate=19.95 | baseline=0.75
[2026-04-27T22:49:41] GLOBAL_ANOMALY | condition=global_zscore=4.75 | global_rate=19.97 | rate=19.97 | baseline=0.75
[2026-04-27T22:49:41] GLOBAL_ANOMALY | condition=global_zscore=4.75 | global_rate=19.98 | rate=19.98 | baseline=0.75
[2026-04-27T22:49:41] GLOBAL_ANOMALY | condition=global_zscore=4.76 | global_rate=20.00 | rate=20.00 | baseline=0.75
[2026-04-27T22:49:41] GLOBAL_ANOMALY | condition=global_zscore=4.76 | global_rate=20.02 | rate=20.02 | baseline=0.75
[2026-04-27T22:49:41] GLOBAL_ANOMALY | condition=global_zscore=4.77 | global_rate=20.03 | rate=20.03 | baseline=0.75
[2026-04-27T22:49:41] GLOBAL_ANOMALY | condition=global_zscore=4.77 | global_rate=20.05 | rate=20.05 | baseline=0.75
[2026-04-27T22:49:41] GLOBAL_ANOMALY | condition=global_zscore=4.78 | global_rate=20.07 | rate=20.07 | baseline=0.75
[2026-04-27T22:49:41] GLOBAL_ANOMALY | condition=global_zscore=4.78 | global_rate=20.08 | rate=20.08 | baseline=0.75
[2026-04-27T22:49:41] GLOBAL_ANOMALY | condition=global_zscore=4.78 | global_rate=20.10 | rate=20.10 | baseline=0.75
[2026-04-27T22:49:41] GLOBAL_ANOMALY | condition=global_zscore=4.79 | global_rate=20.12 | rate=20.12 | baseline=0.75
[2026-04-27T22:49:41] GLOBAL_ANOMALY | condition=global_zscore=4.79 | global_rate=20.13 | rate=20.13 | baseline=0.75
[2026-04-27T22:49:41] GLOBAL_ANOMALY | condition=global_zscore=4.80 | global_rate=20.15 | rate=20.15 | baseline=0.75
[2026-04-27T22:49:41] GLOBAL_ANOMALY | condition=global_zscore=4.80 | global_rate=20.17 | rate=20.17 | baseline=0.75
[2026-04-27T22:49:41] GLOBAL_ANOMALY | condition=global_zscore=4.80 | global_rate=20.18 | rate=20.18 | baseline=0.75
[2026-04-27T22:49:41] GLOBAL_ANOMALY | condition=global_zscore=4.81 | global_rate=20.20 | rate=20.20 | baseline=0.75
[2026-04-27T22:49:41] GLOBAL_ANOMALY | condition=global_zscore=4.81 | global_rate=20.22 | rate=20.22 | baseline=0.75
[2026-04-27T22:49:41] GLOBAL_ANOMALY | condition=global_zscore=4.82 | global_rate=20.23 | rate=20.23 | baseline=0.75
[2026-04-27T22:49:41] GLOBAL_ANOMALY | condition=global_zscore=4.82 | global_rate=20.25 | rate=20.25 | baseline=0.75
[2026-04-27T22:49:41] GLOBAL_ANOMALY | condition=global_zscore=4.82 | global_rate=20.27 | rate=20.27 | baseline=0.75
[2026-04-27T22:49:41] GLOBAL_ANOMALY | condition=global_zscore=4.83 | global_rate=20.28 | rate=20.28 | baseline=0.75
[2026-04-27T22:49:41] GLOBAL_ANOMALY | condition=global_zscore=4.83 | global_rate=20.30 | rate=20.30 | baseline=0.75
[2026-04-27T22:49:41] GLOBAL_ANOMALY | condition=global_zscore=4.84 | global_rate=20.32 | rate=20.32 | baseline=0.75
[2026-04-27T22:49:41] GLOBAL_ANOMALY | condition=global_zscore=4.84 | global_rate=20.33 | rate=20.33 | baseline=0.75
[2026-04-27T22:49:41] GLOBAL_ANOMALY | condition=global_zscore=4.85 | global_rate=20.35 | rate=20.35 | baseline=0.75
[2026-04-27T22:49:41] GLOBAL_ANOMALY | condition=global_zscore=4.85 | global_rate=20.37 | rate=20.37 | baseline=0.75
[2026-04-27T22:49:41] GLOBAL_ANOMALY | condition=global_zscore=4.85 | global_rate=20.38 | rate=20.38 | baseline=0.75
[2026-04-27T22:49:41] GLOBAL_ANOMALY | condition=global_zscore=4.86 | global_rate=20.40 | rate=20.40 | baseline=0.75
[2026-04-27T22:49:41] GLOBAL_ANOMALY | condition=global_zscore=4.86 | global_rate=20.42 | rate=20.42 | baseline=0.75
[2026-04-27T22:49:41] GLOBAL_ANOMALY | condition=global_zscore=4.87 | global_rate=20.43 | rate=20.43 | baseline=0.75
[2026-04-27T22:49:41] GLOBAL_ANOMALY | condition=global_zscore=4.87 | global_rate=20.45 | rate=20.45 | baseline=0.75
[2026-04-27T22:49:41] GLOBAL_ANOMALY | condition=global_zscore=4.87 | global_rate=20.47 | rate=20.47 | baseline=0.75
[2026-04-27T22:49:41] GLOBAL_ANOMALY | condition=global_zscore=4.88 | global_rate=20.48 | rate=20.48 | baseline=0.75
[2026-04-27T22:49:41] GLOBAL_ANOMALY | condition=global_zscore=4.88 | global_rate=20.50 | rate=20.50 | baseline=0.75
[2026-04-27T22:49:41] GLOBAL_ANOMALY | condition=global_zscore=4.89 | global_rate=20.52 | rate=20.52 | baseline=0.75
[2026-04-27T22:49:41] GLOBAL_ANOMALY | condition=global_zscore=4.89 | global_rate=20.53 | rate=20.53 | baseline=0.75
[2026-04-27T22:49:41] GLOBAL_ANOMALY | condition=global_zscore=4.89 | global_rate=20.55 | rate=20.55 | baseline=0.75
[2026-04-27T22:49:41] GLOBAL_ANOMALY | condition=global_zscore=4.90 | global_rate=20.57 | rate=20.57 | baseline=0.75
[2026-04-27T22:49:41] GLOBAL_ANOMALY | condition=global_zscore=4.90 | global_rate=20.58 | rate=20.58 | baseline=0.75
[2026-04-27T22:49:41] GLOBAL_ANOMALY | condition=global_zscore=4.91 | global_rate=20.60 | rate=20.60 | baseline=0.75
[2026-04-27T22:49:41] GLOBAL_ANOMALY | condition=global_zscore=4.91 | global_rate=20.62 | rate=20.62 | baseline=0.75
[2026-04-27T22:49:41] GLOBAL_ANOMALY | condition=global_zscore=4.92 | global_rate=20.63 | rate=20.63 | baseline=0.75
[2026-04-27T22:49:41] GLOBAL_ANOMALY | condition=global_zscore=4.92 | global_rate=20.65 | rate=20.65 | baseline=0.75
[2026-04-27T22:49:41] GLOBAL_ANOMALY | condition=global_zscore=4.92 | global_rate=20.67 | rate=20.67 | baseline=0.75
[2026-04-27T22:49:41] GLOBAL_ANOMALY | condition=global_zscore=4.93 | global_rate=20.68 | rate=20.68 | baseline=0.75
[2026-04-27T22:49:41] GLOBAL_ANOMALY | condition=global_zscore=4.93 | global_rate=20.70 | rate=20.70 | baseline=0.75
[2026-04-27T22:49:42] GLOBAL_ANOMALY | condition=global_zscore=4.94 | global_rate=20.72 | rate=20.72 | baseline=0.75
[2026-04-27T22:49:42] GLOBAL_ANOMALY | condition=global_zscore=4.94 | global_rate=20.73 | rate=20.73 | baseline=0.75
[2026-04-27T22:49:42] GLOBAL_ANOMALY | condition=global_zscore=4.94 | global_rate=20.75 | rate=20.75 | baseline=0.75
[2026-04-27T22:49:42] GLOBAL_ANOMALY | condition=global_zscore=4.95 | global_rate=20.77 | rate=20.77 | baseline=0.75
[2026-04-27T22:49:42] GLOBAL_ANOMALY | condition=global_zscore=4.95 | global_rate=20.78 | rate=20.78 | baseline=0.75
[2026-04-27T22:49:42] GLOBAL_ANOMALY | condition=global_zscore=4.96 | global_rate=20.80 | rate=20.80 | baseline=0.75
[2026-04-27T22:49:42] GLOBAL_ANOMALY | condition=global_zscore=4.96 | global_rate=20.82 | rate=20.82 | baseline=0.75
[2026-04-27T22:49:42] GLOBAL_ANOMALY | condition=global_zscore=4.96 | global_rate=20.83 | rate=20.83 | baseline=0.75
[2026-04-27T22:49:42] GLOBAL_ANOMALY | condition=global_zscore=4.97 | global_rate=20.85 | rate=20.85 | baseline=0.75
[2026-04-27T22:49:42] GLOBAL_ANOMALY | condition=global_zscore=4.97 | global_rate=20.87 | rate=20.87 | baseline=0.75
[2026-04-27T22:49:42] GLOBAL_ANOMALY | condition=global_zscore=4.98 | global_rate=20.88 | rate=20.88 | baseline=0.75
[2026-04-27T22:49:42] GLOBAL_ANOMALY | condition=global_zscore=4.98 | global_rate=20.90 | rate=20.90 | baseline=0.75
[2026-04-27T22:49:42] GLOBAL_ANOMALY | condition=global_zscore=4.99 | global_rate=20.92 | rate=20.92 | baseline=0.75
[2026-04-27T22:49:42] GLOBAL_ANOMALY | condition=global_zscore=4.99 | global_rate=20.93 | rate=20.93 | baseline=0.75
[2026-04-27T22:49:42] GLOBAL_ANOMALY | condition=global_zscore=4.99 | global_rate=20.95 | rate=20.95 | baseline=0.75
[2026-04-27T22:49:42] GLOBAL_ANOMALY | condition=global_zscore=5.00 | global_rate=20.97 | rate=20.97 | baseline=0.75
[2026-04-27T22:49:42] GLOBAL_ANOMALY | condition=global_zscore=5.00 | global_rate=20.98 | rate=20.98 | baseline=0.75
[2026-04-27T22:49:42] GLOBAL_ANOMALY | condition=global_zscore=5.01 | global_rate=21.00 | rate=21.00 | baseline=0.75
[2026-04-27T22:49:42] GLOBAL_ANOMALY | condition=global_zscore=5.01 | global_rate=21.02 | rate=21.02 | baseline=0.75
[2026-04-27T22:49:42] GLOBAL_ANOMALY | condition=global_zscore=5.01 | global_rate=21.03 | rate=21.03 | baseline=0.75
[2026-04-27T22:49:42] GLOBAL_ANOMALY | condition=global_zscore=5.02 | global_rate=21.05 | rate=21.05 | baseline=0.75
[2026-04-27T22:49:42] GLOBAL_ANOMALY | condition=global_zscore=5.02 | global_rate=21.07 | rate=21.07 | baseline=0.75
[2026-04-27T22:49:42] GLOBAL_ANOMALY | condition=global_zscore=5.03 | global_rate=21.08 | rate=21.08 | baseline=0.75
[2026-04-27T22:49:42] GLOBAL_ANOMALY | condition=global_zscore=5.03 | global_rate=21.10 | rate=21.10 | baseline=0.75
[2026-04-27T22:49:42] GLOBAL_ANOMALY | condition=global_zscore=5.03 | global_rate=21.12 | rate=21.12 | baseline=0.75
[2026-04-27T22:49:42] GLOBAL_ANOMALY | condition=global_zscore=5.04 | global_rate=21.13 | rate=21.13 | baseline=0.75
[2026-04-27T22:49:42] GLOBAL_ANOMALY | condition=global_zscore=5.04 | global_rate=21.15 | rate=21.15 | baseline=0.75
[2026-04-27T22:49:42] GLOBAL_ANOMALY | condition=global_zscore=5.05 | global_rate=21.17 | rate=21.17 | baseline=0.75
[2026-04-27T22:49:42] GLOBAL_ANOMALY | condition=global_zscore=5.05 | global_rate=21.18 | rate=21.18 | baseline=0.75
[2026-04-27T22:49:42] GLOBAL_ANOMALY | condition=global_zscore=5.06 | global_rate=21.20 | rate=21.20 | baseline=0.75
[2026-04-27T22:49:42] GLOBAL_ANOMALY | condition=global_zscore=5.06 | global_rate=21.22 | rate=21.22 | baseline=0.75
[2026-04-27T22:49:42] GLOBAL_ANOMALY | condition=global_zscore=5.06 | global_rate=21.23 | rate=21.23 | baseline=0.75
[2026-04-27T22:49:42] GLOBAL_ANOMALY | condition=global_zscore=5.07 | global_rate=21.25 | rate=21.25 | baseline=0.75
[2026-04-27T22:49:42] GLOBAL_ANOMALY | condition=global_zscore=5.07 | global_rate=21.27 | rate=21.27 | baseline=0.75
[2026-04-27T22:49:42] GLOBAL_ANOMALY | condition=global_zscore=5.08 | global_rate=21.28 | rate=21.28 | baseline=0.75
[2026-04-27T22:49:42] GLOBAL_ANOMALY | condition=global_zscore=5.08 | global_rate=21.30 | rate=21.30 | baseline=0.75
[2026-04-27T22:49:42] GLOBAL_ANOMALY | condition=global_zscore=5.08 | global_rate=21.32 | rate=21.32 | baseline=0.75
[2026-04-27T22:49:42] GLOBAL_ANOMALY | condition=global_zscore=5.09 | global_rate=21.33 | rate=21.33 | baseline=0.75
[2026-04-27T22:49:42] GLOBAL_ANOMALY | condition=global_zscore=5.09 | global_rate=21.35 | rate=21.35 | baseline=0.75
[2026-04-27T22:49:42] GLOBAL_ANOMALY | condition=global_zscore=5.10 | global_rate=21.37 | rate=21.37 | baseline=0.75
[2026-04-27T22:49:42] GLOBAL_ANOMALY | condition=global_zscore=5.10 | global_rate=21.38 | rate=21.38 | baseline=0.75
[2026-04-27T22:49:42] GLOBAL_ANOMALY | condition=global_zscore=5.10 | global_rate=21.40 | rate=21.40 | baseline=0.75
[2026-04-27T22:49:42] GLOBAL_ANOMALY | condition=global_zscore=5.11 | global_rate=21.42 | rate=21.42 | baseline=0.75
[2026-04-27T22:49:42] GLOBAL_ANOMALY | condition=global_zscore=5.11 | global_rate=21.43 | rate=21.43 | baseline=0.75
[2026-04-27T22:49:42] GLOBAL_ANOMALY | condition=global_zscore=5.12 | global_rate=21.45 | rate=21.45 | baseline=0.75
[2026-04-27T22:49:42] GLOBAL_ANOMALY | condition=global_zscore=5.12 | global_rate=21.47 | rate=21.47 | baseline=0.75
[2026-04-27T22:49:42] GLOBAL_ANOMALY | condition=global_zscore=5.13 | global_rate=21.48 | rate=21.48 | baseline=0.75
[2026-04-27T22:49:42] GLOBAL_ANOMALY | condition=global_zscore=5.13 | global_rate=21.50 | rate=21.50 | baseline=0.75
[2026-04-27T22:49:42] GLOBAL_ANOMALY | condition=global_zscore=5.13 | global_rate=21.52 | rate=21.52 | baseline=0.75
[2026-04-27T22:49:42] GLOBAL_ANOMALY | condition=global_zscore=5.14 | global_rate=21.53 | rate=21.53 | baseline=0.75
[2026-04-27T22:49:42] GLOBAL_ANOMALY | condition=global_zscore=5.14 | global_rate=21.55 | rate=21.55 | baseline=0.75
[2026-04-27T22:49:42] GLOBAL_ANOMALY | condition=global_zscore=5.15 | global_rate=21.57 | rate=21.57 | baseline=0.75
[2026-04-27T22:49:42] GLOBAL_ANOMALY | condition=global_zscore=5.15 | global_rate=21.58 | rate=21.58 | baseline=0.75
[2026-04-27T22:49:42] GLOBAL_ANOMALY | condition=global_zscore=5.15 | global_rate=21.60 | rate=21.60 | baseline=0.75
[2026-04-27T22:49:42] GLOBAL_ANOMALY | condition=global_zscore=5.16 | global_rate=21.62 | rate=21.62 | baseline=0.75
[2026-04-27T22:49:42] GLOBAL_ANOMALY | condition=global_zscore=5.16 | global_rate=21.63 | rate=21.63 | baseline=0.75
[2026-04-27T22:49:42] GLOBAL_ANOMALY | condition=global_zscore=5.17 | global_rate=21.65 | rate=21.65 | baseline=0.75
[2026-04-27T22:49:42] GLOBAL_ANOMALY | condition=global_zscore=5.17 | global_rate=21.67 | rate=21.67 | baseline=0.75
[2026-04-27T22:49:42] GLOBAL_ANOMALY | condition=global_zscore=5.18 | global_rate=21.68 | rate=21.68 | baseline=0.75
[2026-04-27T22:49:42] GLOBAL_ANOMALY | condition=global_zscore=5.18 | global_rate=21.70 | rate=21.70 | baseline=0.75
[2026-04-27T22:49:42] GLOBAL_ANOMALY | condition=global_zscore=5.18 | global_rate=21.72 | rate=21.72 | baseline=0.75
[2026-04-27T22:49:42] GLOBAL_ANOMALY | condition=global_zscore=5.19 | global_rate=21.73 | rate=21.73 | baseline=0.75
[2026-04-27T22:49:42] GLOBAL_ANOMALY | condition=global_zscore=5.19 | global_rate=21.75 | rate=21.75 | baseline=0.75
[2026-04-27T22:49:42] GLOBAL_ANOMALY | condition=global_zscore=5.20 | global_rate=21.77 | rate=21.77 | baseline=0.75
[2026-04-27T22:49:42] GLOBAL_ANOMALY | condition=global_zscore=5.20 | global_rate=21.78 | rate=21.78 | baseline=0.75
[2026-04-27T22:49:43] GLOBAL_ANOMALY | condition=global_zscore=5.20 | global_rate=21.80 | rate=21.80 | baseline=0.75
[2026-04-27T22:49:43] GLOBAL_ANOMALY | condition=global_zscore=5.21 | global_rate=21.82 | rate=21.82 | baseline=0.75
[2026-04-27T22:49:43] GLOBAL_ANOMALY | condition=global_zscore=5.21 | global_rate=21.83 | rate=21.83 | baseline=0.75
[2026-04-27T22:49:43] GLOBAL_ANOMALY | condition=global_zscore=5.22 | global_rate=21.85 | rate=21.85 | baseline=0.75
[2026-04-27T22:49:43] GLOBAL_ANOMALY | condition=global_zscore=5.22 | global_rate=21.87 | rate=21.87 | baseline=0.75
[2026-04-27T22:49:43] GLOBAL_ANOMALY | condition=global_zscore=5.22 | global_rate=21.88 | rate=21.88 | baseline=0.75
[2026-04-27T22:49:43] GLOBAL_ANOMALY | condition=global_zscore=5.23 | global_rate=21.90 | rate=21.90 | baseline=0.75
[2026-04-27T22:49:43] GLOBAL_ANOMALY | condition=global_zscore=5.23 | global_rate=21.92 | rate=21.92 | baseline=0.75
[2026-04-27T22:49:43] GLOBAL_ANOMALY | condition=global_zscore=5.24 | global_rate=21.93 | rate=21.93 | baseline=0.75
[2026-04-27T22:49:43] GLOBAL_ANOMALY | condition=global_zscore=5.24 | global_rate=21.95 | rate=21.95 | baseline=0.75
[2026-04-27T22:49:43] GLOBAL_ANOMALY | condition=global_zscore=5.25 | global_rate=21.97 | rate=21.97 | baseline=0.75
[2026-04-27T22:49:43] GLOBAL_ANOMALY | condition=global_zscore=5.25 | global_rate=21.98 | rate=21.98 | baseline=0.75
[2026-04-27T22:49:43] GLOBAL_ANOMALY | condition=global_zscore=5.25 | global_rate=22.00 | rate=22.00 | baseline=0.75
[2026-04-27T22:49:43] GLOBAL_ANOMALY | condition=global_zscore=5.26 | global_rate=22.02 | rate=22.02 | baseline=0.75
[2026-04-27T22:49:43] GLOBAL_ANOMALY | condition=global_zscore=5.26 | global_rate=22.03 | rate=22.03 | baseline=0.75
[2026-04-27T22:49:43] GLOBAL_ANOMALY | condition=global_zscore=5.27 | global_rate=22.05 | rate=22.05 | baseline=0.75
[2026-04-27T22:49:43] GLOBAL_ANOMALY | condition=global_zscore=5.27 | global_rate=22.07 | rate=22.07 | baseline=0.75
[2026-04-27T22:49:43] GLOBAL_ANOMALY | condition=global_zscore=5.27 | global_rate=22.08 | rate=22.08 | baseline=0.75
[2026-04-27T22:49:43] GLOBAL_ANOMALY | condition=global_zscore=5.28 | global_rate=22.10 | rate=22.10 | baseline=0.75
[2026-04-27T22:49:43] GLOBAL_ANOMALY | condition=global_zscore=5.28 | global_rate=22.12 | rate=22.12 | baseline=0.75
[2026-04-27T22:49:43] GLOBAL_ANOMALY | condition=global_zscore=5.29 | global_rate=22.13 | rate=22.13 | baseline=0.75
[2026-04-27T22:49:43] GLOBAL_ANOMALY | condition=global_zscore=5.29 | global_rate=22.15 | rate=22.15 | baseline=0.75
[2026-04-27T22:49:43] GLOBAL_ANOMALY | condition=global_zscore=5.29 | global_rate=22.17 | rate=22.17 | baseline=0.75
[2026-04-27T22:49:43] GLOBAL_ANOMALY | condition=global_zscore=5.30 | global_rate=22.18 | rate=22.18 | baseline=0.75
[2026-04-27T22:49:43] GLOBAL_ANOMALY | condition=global_zscore=5.30 | global_rate=22.20 | rate=22.20 | baseline=0.75
[2026-04-27T22:49:43] GLOBAL_ANOMALY | condition=global_zscore=5.31 | global_rate=22.22 | rate=22.22 | baseline=0.75
[2026-04-27T22:49:43] GLOBAL_ANOMALY | condition=global_zscore=5.31 | global_rate=22.23 | rate=22.23 | baseline=0.75
[2026-04-27T22:49:43] GLOBAL_ANOMALY | condition=global_zscore=5.32 | global_rate=22.25 | rate=22.25 | baseline=0.75
[2026-04-27T22:49:43] GLOBAL_ANOMALY | condition=global_zscore=5.32 | global_rate=22.27 | rate=22.27 | baseline=0.75
[2026-04-27T22:49:43] GLOBAL_ANOMALY | condition=global_zscore=5.32 | global_rate=22.28 | rate=22.28 | baseline=0.75
[2026-04-27T22:49:43] GLOBAL_ANOMALY | condition=global_zscore=5.33 | global_rate=22.30 | rate=22.30 | baseline=0.75
[2026-04-27T22:49:43] GLOBAL_ANOMALY | condition=global_zscore=5.33 | global_rate=22.32 | rate=22.32 | baseline=0.75
[2026-04-27T22:49:43] GLOBAL_ANOMALY | condition=global_zscore=5.34 | global_rate=22.33 | rate=22.33 | baseline=0.75
[2026-04-27T22:49:43] GLOBAL_ANOMALY | condition=global_zscore=5.34 | global_rate=22.35 | rate=22.35 | baseline=0.75
[2026-04-27T22:49:43] GLOBAL_ANOMALY | condition=global_zscore=5.34 | global_rate=22.37 | rate=22.37 | baseline=0.75
[2026-04-27T22:49:43] GLOBAL_ANOMALY | condition=global_zscore=5.35 | global_rate=22.38 | rate=22.38 | baseline=0.75
[2026-04-27T22:49:43] GLOBAL_ANOMALY | condition=global_zscore=5.35 | global_rate=22.40 | rate=22.40 | baseline=0.75
[2026-04-27T22:49:43] GLOBAL_ANOMALY | condition=global_zscore=5.36 | global_rate=22.42 | rate=22.42 | baseline=0.75
[2026-04-27T22:49:43] GLOBAL_ANOMALY | condition=global_zscore=5.36 | global_rate=22.43 | rate=22.43 | baseline=0.75
[2026-04-27T22:49:43] GLOBAL_ANOMALY | condition=global_zscore=5.36 | global_rate=22.45 | rate=22.45 | baseline=0.75
[2026-04-27T22:49:43] GLOBAL_ANOMALY | condition=global_zscore=5.37 | global_rate=22.47 | rate=22.47 | baseline=0.75
[2026-04-27T22:49:43] GLOBAL_ANOMALY | condition=global_zscore=5.37 | global_rate=22.48 | rate=22.48 | baseline=0.75
[2026-04-27T22:49:43] GLOBAL_ANOMALY | condition=global_zscore=5.38 | global_rate=22.50 | rate=22.50 | baseline=0.75
[2026-04-27T22:49:43] GLOBAL_ANOMALY | condition=global_zscore=5.38 | global_rate=22.52 | rate=22.52 | baseline=0.75
[2026-04-27T22:49:43] GLOBAL_ANOMALY | condition=global_zscore=5.39 | global_rate=22.53 | rate=22.53 | baseline=0.75
[2026-04-27T22:49:43] GLOBAL_ANOMALY | condition=global_zscore=5.39 | global_rate=22.55 | rate=22.55 | baseline=0.75
[2026-04-27T22:49:43] GLOBAL_ANOMALY | condition=global_zscore=5.39 | global_rate=22.57 | rate=22.57 | baseline=0.75
[2026-04-27T22:49:43] GLOBAL_ANOMALY | condition=global_zscore=5.40 | global_rate=22.58 | rate=22.58 | baseline=0.75
[2026-04-27T22:49:43] GLOBAL_ANOMALY | condition=global_zscore=5.40 | global_rate=22.60 | rate=22.60 | baseline=0.75
[2026-04-27T22:49:43] GLOBAL_ANOMALY | condition=global_zscore=5.41 | global_rate=22.62 | rate=22.62 | baseline=0.75
[2026-04-27T22:49:43] GLOBAL_ANOMALY | condition=global_zscore=5.41 | global_rate=22.63 | rate=22.63 | baseline=0.75
[2026-04-27T22:49:43] GLOBAL_ANOMALY | condition=global_zscore=5.41 | global_rate=22.65 | rate=22.65 | baseline=0.75
[2026-04-27T22:49:43] GLOBAL_ANOMALY | condition=global_zscore=5.42 | global_rate=22.67 | rate=22.67 | baseline=0.75
[2026-04-27T22:49:43] GLOBAL_ANOMALY | condition=global_zscore=5.42 | global_rate=22.68 | rate=22.68 | baseline=0.75
[2026-04-27T22:49:43] GLOBAL_ANOMALY | condition=global_zscore=5.43 | global_rate=22.70 | rate=22.70 | baseline=0.75
[2026-04-27T22:49:43] GLOBAL_ANOMALY | condition=global_zscore=5.43 | global_rate=22.72 | rate=22.72 | baseline=0.75
[2026-04-27T22:49:43] GLOBAL_ANOMALY | condition=global_zscore=5.43 | global_rate=22.73 | rate=22.73 | baseline=0.75
[2026-04-27T22:49:43] GLOBAL_ANOMALY | condition=global_zscore=5.44 | global_rate=22.75 | rate=22.75 | baseline=0.75
[2026-04-27T22:49:43] GLOBAL_ANOMALY | condition=global_zscore=5.44 | global_rate=22.77 | rate=22.77 | baseline=0.75
[2026-04-27T22:49:43] GLOBAL_ANOMALY | condition=global_zscore=5.45 | global_rate=22.78 | rate=22.78 | baseline=0.75
[2026-04-27T22:49:43] GLOBAL_ANOMALY | condition=global_zscore=5.45 | global_rate=22.80 | rate=22.80 | baseline=0.75
[2026-04-27T22:49:43] GLOBAL_ANOMALY | condition=global_zscore=5.46 | global_rate=22.82 | rate=22.82 | baseline=0.75
[2026-04-27T22:49:43] GLOBAL_ANOMALY | condition=global_zscore=5.46 | global_rate=22.83 | rate=22.83 | baseline=0.75
[2026-04-27T22:49:43] GLOBAL_ANOMALY | condition=global_zscore=5.46 | global_rate=22.85 | rate=22.85 | baseline=0.75
[2026-04-27T22:49:43] GLOBAL_ANOMALY | condition=global_zscore=5.47 | global_rate=22.87 | rate=22.87 | baseline=0.75
[2026-04-27T22:49:43] GLOBAL_ANOMALY | condition=global_zscore=5.47 | global_rate=22.88 | rate=22.88 | baseline=0.75
[2026-04-27T22:49:43] GLOBAL_ANOMALY | condition=global_zscore=5.48 | global_rate=22.90 | rate=22.90 | baseline=0.75
[2026-04-27T22:49:43] GLOBAL_ANOMALY | condition=global_zscore=5.48 | global_rate=22.92 | rate=22.92 | baseline=0.75
[2026-04-27T22:49:43] GLOBAL_ANOMALY | condition=global_zscore=5.48 | global_rate=22.93 | rate=22.93 | baseline=0.75
[2026-04-27T22:49:43] GLOBAL_ANOMALY | condition=global_zscore=5.49 | global_rate=22.95 | rate=22.95 | baseline=0.75
[2026-04-27T22:49:43] GLOBAL_ANOMALY | condition=global_zscore=5.49 | global_rate=22.97 | rate=22.97 | baseline=0.75
[2026-04-27T22:49:43] GLOBAL_ANOMALY | condition=global_zscore=5.50 | global_rate=22.98 | rate=22.98 | baseline=0.75
[2026-04-27T22:49:43] GLOBAL_ANOMALY | condition=global_zscore=5.50 | global_rate=23.00 | rate=23.00 | baseline=0.75
[2026-04-27T22:49:43] GLOBAL_ANOMALY | condition=global_zscore=5.50 | global_rate=23.02 | rate=23.02 | baseline=0.75
[2026-04-27T22:49:43] GLOBAL_ANOMALY | condition=global_zscore=5.51 | global_rate=23.03 | rate=23.03 | baseline=0.75
[2026-04-27T22:49:43] GLOBAL_ANOMALY | condition=global_zscore=5.51 | global_rate=23.05 | rate=23.05 | baseline=0.75
[2026-04-27T22:49:43] GLOBAL_ANOMALY | condition=global_zscore=5.52 | global_rate=23.07 | rate=23.07 | baseline=0.75
[2026-04-27T22:49:43] GLOBAL_ANOMALY | condition=global_zscore=5.52 | global_rate=23.08 | rate=23.08 | baseline=0.75
[2026-04-27T22:49:43] GLOBAL_ANOMALY | condition=global_zscore=5.53 | global_rate=23.10 | rate=23.10 | baseline=0.75
[2026-04-27T22:49:43] GLOBAL_ANOMALY | condition=global_zscore=5.53 | global_rate=23.12 | rate=23.12 | baseline=0.75
[2026-04-27T22:49:43] GLOBAL_ANOMALY | condition=global_zscore=5.53 | global_rate=23.13 | rate=23.13 | baseline=0.75
[2026-04-27T22:49:43] GLOBAL_ANOMALY | condition=global_zscore=5.54 | global_rate=23.15 | rate=23.15 | baseline=0.75
[2026-04-27T22:49:43] GLOBAL_ANOMALY | condition=global_zscore=5.54 | global_rate=23.17 | rate=23.17 | baseline=0.75
[2026-04-27T22:49:43] GLOBAL_ANOMALY | condition=global_zscore=5.55 | global_rate=23.18 | rate=23.18 | baseline=0.75
[2026-04-27T22:49:43] GLOBAL_ANOMALY | condition=global_zscore=5.55 | global_rate=23.20 | rate=23.20 | baseline=0.75
[2026-04-27T22:49:43] GLOBAL_ANOMALY | condition=global_zscore=5.55 | global_rate=23.22 | rate=23.22 | baseline=0.75
[2026-04-27T22:49:43] GLOBAL_ANOMALY | condition=global_zscore=5.56 | global_rate=23.23 | rate=23.23 | baseline=0.75
[2026-04-27T22:49:43] GLOBAL_ANOMALY | condition=global_zscore=5.56 | global_rate=23.25 | rate=23.25 | baseline=0.75
[2026-04-27T22:49:43] GLOBAL_ANOMALY | condition=global_zscore=5.57 | global_rate=23.27 | rate=23.27 | baseline=0.75
[2026-04-27T22:49:43] GLOBAL_ANOMALY | condition=global_zscore=5.57 | global_rate=23.28 | rate=23.28 | baseline=0.75
[2026-04-27T22:49:43] GLOBAL_ANOMALY | condition=global_zscore=5.57 | global_rate=23.30 | rate=23.30 | baseline=0.75
[2026-04-27T22:49:43] GLOBAL_ANOMALY | condition=global_zscore=5.58 | global_rate=23.32 | rate=23.32 | baseline=0.75
[2026-04-27T22:49:43] GLOBAL_ANOMALY | condition=global_zscore=5.58 | global_rate=23.33 | rate=23.33 | baseline=0.75
[2026-04-27T22:49:43] GLOBAL_ANOMALY | condition=global_zscore=5.59 | global_rate=23.35 | rate=23.35 | baseline=0.75
[2026-04-27T22:49:43] GLOBAL_ANOMALY | condition=global_zscore=5.59 | global_rate=23.37 | rate=23.37 | baseline=0.75
[2026-04-27T22:49:43] GLOBAL_ANOMALY | condition=global_zscore=5.60 | global_rate=23.38 | rate=23.38 | baseline=0.75
[2026-04-27T22:49:43] GLOBAL_ANOMALY | condition=global_zscore=5.60 | global_rate=23.40 | rate=23.40 | baseline=0.75
[2026-04-27T22:49:43] GLOBAL_ANOMALY | condition=global_zscore=5.60 | global_rate=23.42 | rate=23.42 | baseline=0.75
[2026-04-27T22:49:43] GLOBAL_ANOMALY | condition=global_zscore=5.61 | global_rate=23.43 | rate=23.43 | baseline=0.75
[2026-04-27T22:49:43] GLOBAL_ANOMALY | condition=global_zscore=5.61 | global_rate=23.45 | rate=23.45 | baseline=0.75
[2026-04-27T22:49:43] GLOBAL_ANOMALY | condition=global_zscore=5.62 | global_rate=23.47 | rate=23.47 | baseline=0.75
[2026-04-27T22:49:43] GLOBAL_ANOMALY | condition=global_zscore=5.62 | global_rate=23.48 | rate=23.48 | baseline=0.75
[2026-04-27T22:49:43] GLOBAL_ANOMALY | condition=global_zscore=5.62 | global_rate=23.50 | rate=23.50 | baseline=0.75
[2026-04-27T22:49:43] GLOBAL_ANOMALY | condition=global_zscore=5.63 | global_rate=23.52 | rate=23.52 | baseline=0.75
[2026-04-27T22:49:43] GLOBAL_ANOMALY | condition=global_zscore=5.63 | global_rate=23.53 | rate=23.53 | baseline=0.75
[2026-04-27T22:49:43] GLOBAL_ANOMALY | condition=global_zscore=5.64 | global_rate=23.55 | rate=23.55 | baseline=0.75
[2026-04-27T22:49:43] GLOBAL_ANOMALY | condition=global_zscore=5.64 | global_rate=23.57 | rate=23.57 | baseline=0.75
[2026-04-27T22:49:43] GLOBAL_ANOMALY | condition=global_zscore=5.64 | global_rate=23.58 | rate=23.58 | baseline=0.75
[2026-04-27T22:49:43] GLOBAL_ANOMALY | condition=global_zscore=5.65 | global_rate=23.60 | rate=23.60 | baseline=0.75
[2026-04-27T22:49:44] GLOBAL_ANOMALY | condition=global_zscore=5.65 | global_rate=23.62 | rate=23.62 | baseline=0.75
[2026-04-27T22:49:44] GLOBAL_ANOMALY | condition=global_zscore=5.66 | global_rate=23.63 | rate=23.63 | baseline=0.75
[2026-04-27T22:49:44] GLOBAL_ANOMALY | condition=global_zscore=5.66 | global_rate=23.65 | rate=23.65 | baseline=0.75
[2026-04-27T22:49:44] GLOBAL_ANOMALY | condition=global_zscore=5.67 | global_rate=23.67 | rate=23.67 | baseline=0.75
[2026-04-27T22:49:44] GLOBAL_ANOMALY | condition=global_zscore=5.67 | global_rate=23.68 | rate=23.68 | baseline=0.75
[2026-04-27T22:49:44] GLOBAL_ANOMALY | condition=global_zscore=5.67 | global_rate=23.70 | rate=23.70 | baseline=0.75
[2026-04-27T22:49:44] GLOBAL_ANOMALY | condition=global_zscore=5.68 | global_rate=23.72 | rate=23.72 | baseline=0.75
[2026-04-27T22:49:44] GLOBAL_ANOMALY | condition=global_zscore=5.68 | global_rate=23.73 | rate=23.73 | baseline=0.75
[2026-04-27T22:49:44] GLOBAL_ANOMALY | condition=global_zscore=5.69 | global_rate=23.75 | rate=23.75 | baseline=0.75
[2026-04-27T22:49:44] GLOBAL_ANOMALY | condition=global_zscore=5.69 | global_rate=23.77 | rate=23.77 | baseline=0.75
[2026-04-27T22:49:44] GLOBAL_ANOMALY | condition=global_zscore=5.69 | global_rate=23.78 | rate=23.78 | baseline=0.75
[2026-04-27T22:49:44] GLOBAL_ANOMALY | condition=global_zscore=5.70 | global_rate=23.80 | rate=23.80 | baseline=0.75
[2026-04-27T22:49:44] GLOBAL_ANOMALY | condition=global_zscore=5.70 | global_rate=23.82 | rate=23.82 | baseline=0.75
[2026-04-27T22:49:44] GLOBAL_ANOMALY | condition=global_zscore=5.71 | global_rate=23.83 | rate=23.83 | baseline=0.75
[2026-04-27T22:49:44] GLOBAL_ANOMALY | condition=global_zscore=5.71 | global_rate=23.85 | rate=23.85 | baseline=0.75
[2026-04-27T22:49:44] GLOBAL_ANOMALY | condition=global_zscore=5.71 | global_rate=23.87 | rate=23.87 | baseline=0.75
[2026-04-27T22:49:44] GLOBAL_ANOMALY | condition=global_zscore=5.72 | global_rate=23.88 | rate=23.88 | baseline=0.75
[2026-04-27T22:49:44] GLOBAL_ANOMALY | condition=global_zscore=5.72 | global_rate=23.90 | rate=23.90 | baseline=0.75
[2026-04-27T22:49:44] GLOBAL_ANOMALY | condition=global_zscore=5.73 | global_rate=23.92 | rate=23.92 | baseline=0.75
[2026-04-27T22:49:44] GLOBAL_ANOMALY | condition=global_zscore=5.73 | global_rate=23.93 | rate=23.93 | baseline=0.75
[2026-04-27T22:49:44] GLOBAL_ANOMALY | condition=global_zscore=5.74 | global_rate=23.95 | rate=23.95 | baseline=0.75
[2026-04-27T22:49:44] GLOBAL_ANOMALY | condition=global_zscore=5.74 | global_rate=23.97 | rate=23.97 | baseline=0.75
[2026-04-27T22:49:44] GLOBAL_ANOMALY | condition=global_zscore=5.74 | global_rate=23.98 | rate=23.98 | baseline=0.75
[2026-04-27T22:49:44] GLOBAL_ANOMALY | condition=global_zscore=5.75 | global_rate=24.00 | rate=24.00 | baseline=0.75
[2026-04-27T22:49:44] GLOBAL_ANOMALY | condition=global_zscore=5.75 | global_rate=24.02 | rate=24.02 | baseline=0.75
[2026-04-27T22:49:44] GLOBAL_ANOMALY | condition=global_zscore=5.76 | global_rate=24.03 | rate=24.03 | baseline=0.75
[2026-04-27T22:49:44] GLOBAL_ANOMALY | condition=global_zscore=5.76 | global_rate=24.05 | rate=24.05 | baseline=0.75
[2026-04-27T22:49:44] GLOBAL_ANOMALY | condition=global_zscore=5.76 | global_rate=24.07 | rate=24.07 | baseline=0.75
[2026-04-27T22:49:44] GLOBAL_ANOMALY | condition=global_zscore=5.77 | global_rate=24.08 | rate=24.08 | baseline=0.75
[2026-04-27T22:49:44] GLOBAL_ANOMALY | condition=global_zscore=5.77 | global_rate=24.10 | rate=24.10 | baseline=0.75
[2026-04-27T22:49:44] GLOBAL_ANOMALY | condition=global_zscore=5.78 | global_rate=24.12 | rate=24.12 | baseline=0.75
[2026-04-27T22:49:44] GLOBAL_ANOMALY | condition=global_zscore=5.78 | global_rate=24.13 | rate=24.13 | baseline=0.75
[2026-04-27T22:49:44] GLOBAL_ANOMALY | condition=global_zscore=5.78 | global_rate=24.15 | rate=24.15 | baseline=0.75
[2026-04-27T22:49:44] GLOBAL_ANOMALY | condition=global_zscore=5.79 | global_rate=24.17 | rate=24.17 | baseline=0.75
[2026-04-27T22:49:44] GLOBAL_ANOMALY | condition=global_zscore=5.79 | global_rate=24.18 | rate=24.18 | baseline=0.75
[2026-04-27T22:49:44] GLOBAL_ANOMALY | condition=global_zscore=5.80 | global_rate=24.20 | rate=24.20 | baseline=0.75
[2026-04-27T22:49:44] GLOBAL_ANOMALY | condition=global_zscore=5.80 | global_rate=24.22 | rate=24.22 | baseline=0.75
[2026-04-27T22:49:44] GLOBAL_ANOMALY | condition=global_zscore=5.81 | global_rate=24.23 | rate=24.23 | baseline=0.75
[2026-04-27T22:49:44] GLOBAL_ANOMALY | condition=global_zscore=5.81 | global_rate=24.25 | rate=24.25 | baseline=0.75
[2026-04-27T22:49:44] GLOBAL_ANOMALY | condition=global_zscore=5.81 | global_rate=24.27 | rate=24.27 | baseline=0.75
[2026-04-27T22:49:44] GLOBAL_ANOMALY | condition=global_zscore=5.82 | global_rate=24.28 | rate=24.28 | baseline=0.75
[2026-04-27T22:49:44] GLOBAL_ANOMALY | condition=global_zscore=5.82 | global_rate=24.30 | rate=24.30 | baseline=0.75
[2026-04-27T22:49:44] GLOBAL_ANOMALY | condition=global_zscore=5.83 | global_rate=24.32 | rate=24.32 | baseline=0.75
[2026-04-27T22:49:44] GLOBAL_ANOMALY | condition=global_zscore=5.83 | global_rate=24.33 | rate=24.33 | baseline=0.75
[2026-04-27T22:49:44] GLOBAL_ANOMALY | condition=global_zscore=5.83 | global_rate=24.35 | rate=24.35 | baseline=0.75
[2026-04-27T22:49:44] GLOBAL_ANOMALY | condition=global_zscore=5.84 | global_rate=24.37 | rate=24.37 | baseline=0.75
[2026-04-27T22:49:44] GLOBAL_ANOMALY | condition=global_zscore=5.84 | global_rate=24.38 | rate=24.38 | baseline=0.75
[2026-04-27T22:49:44] GLOBAL_ANOMALY | condition=global_zscore=5.85 | global_rate=24.40 | rate=24.40 | baseline=0.75
[2026-04-27T22:49:44] GLOBAL_ANOMALY | condition=global_zscore=5.85 | global_rate=24.42 | rate=24.42 | baseline=0.75
[2026-04-27T22:49:44] GLOBAL_ANOMALY | condition=global_zscore=5.85 | global_rate=24.43 | rate=24.43 | baseline=0.75
[2026-04-27T22:49:44] GLOBAL_ANOMALY | condition=global_zscore=5.86 | global_rate=24.45 | rate=24.45 | baseline=0.75
[2026-04-27T22:49:44] GLOBAL_ANOMALY | condition=global_zscore=5.86 | global_rate=24.47 | rate=24.47 | baseline=0.75
[2026-04-27T22:49:44] GLOBAL_ANOMALY | condition=global_zscore=5.87 | global_rate=24.48 | rate=24.48 | baseline=0.75
[2026-04-27T22:49:44] GLOBAL_ANOMALY | condition=global_zscore=5.87 | global_rate=24.50 | rate=24.50 | baseline=0.75
[2026-04-27T22:49:44] GLOBAL_ANOMALY | condition=global_zscore=5.88 | global_rate=24.52 | rate=24.52 | baseline=0.75
[2026-04-27T22:49:44] GLOBAL_ANOMALY | condition=global_zscore=5.88 | global_rate=24.53 | rate=24.53 | baseline=0.75
[2026-04-27T22:49:44] GLOBAL_ANOMALY | condition=global_zscore=5.88 | global_rate=24.55 | rate=24.55 | baseline=0.75
[2026-04-27T22:49:44] GLOBAL_ANOMALY | condition=global_zscore=5.89 | global_rate=24.57 | rate=24.57 | baseline=0.75
[2026-04-27T22:49:44] GLOBAL_ANOMALY | condition=global_zscore=5.89 | global_rate=24.58 | rate=24.58 | baseline=0.75
[2026-04-27T22:49:44] GLOBAL_ANOMALY | condition=global_zscore=5.90 | global_rate=24.60 | rate=24.60 | baseline=0.75
[2026-04-27T22:49:44] GLOBAL_ANOMALY | condition=global_zscore=5.90 | global_rate=24.62 | rate=24.62 | baseline=0.75
[2026-04-27T22:49:44] GLOBAL_ANOMALY | condition=global_zscore=5.90 | global_rate=24.63 | rate=24.63 | baseline=0.75
[2026-04-27T22:49:44] GLOBAL_ANOMALY | condition=global_zscore=5.91 | global_rate=24.65 | rate=24.65 | baseline=0.75
[2026-04-27T22:49:44] GLOBAL_ANOMALY | condition=global_zscore=5.91 | global_rate=24.67 | rate=24.67 | baseline=0.75
[2026-04-27T22:49:44] GLOBAL_ANOMALY | condition=global_zscore=5.92 | global_rate=24.68 | rate=24.68 | baseline=0.75
[2026-04-27T22:49:44] GLOBAL_ANOMALY | condition=global_zscore=5.92 | global_rate=24.70 | rate=24.70 | baseline=0.75
[2026-04-27T22:49:44] GLOBAL_ANOMALY | condition=global_zscore=5.92 | global_rate=24.72 | rate=24.72 | baseline=0.75
[2026-04-27T22:49:44] GLOBAL_ANOMALY | condition=global_zscore=5.93 | global_rate=24.73 | rate=24.73 | baseline=0.75
[2026-04-27T22:49:44] GLOBAL_ANOMALY | condition=global_zscore=5.93 | global_rate=24.75 | rate=24.75 | baseline=0.75
[2026-04-27T22:49:44] GLOBAL_ANOMALY | condition=global_zscore=5.94 | global_rate=24.77 | rate=24.77 | baseline=0.75
[2026-04-27T22:49:44] GLOBAL_ANOMALY | condition=global_zscore=5.94 | global_rate=24.78 | rate=24.78 | baseline=0.75
[2026-04-27T22:49:44] GLOBAL_ANOMALY | condition=global_zscore=5.95 | global_rate=24.80 | rate=24.80 | baseline=0.75
[2026-04-27T22:49:44] GLOBAL_ANOMALY | condition=global_zscore=5.95 | global_rate=24.82 | rate=24.82 | baseline=0.75
[2026-04-27T22:49:44] GLOBAL_ANOMALY | condition=global_zscore=5.95 | global_rate=24.83 | rate=24.83 | baseline=0.75
[2026-04-27T22:49:44] GLOBAL_ANOMALY | condition=global_zscore=5.96 | global_rate=24.85 | rate=24.85 | baseline=0.75
[2026-04-27T22:49:44] GLOBAL_ANOMALY | condition=global_zscore=5.96 | global_rate=24.87 | rate=24.87 | baseline=0.75
[2026-04-27T22:49:44] GLOBAL_ANOMALY | condition=global_zscore=5.97 | global_rate=24.88 | rate=24.88 | baseline=0.75
[2026-04-27T22:49:44] GLOBAL_ANOMALY | condition=global_zscore=5.97 | global_rate=24.90 | rate=24.90 | baseline=0.75
[2026-04-27T22:49:45] GLOBAL_ANOMALY | condition=global_zscore=5.97 | global_rate=24.92 | rate=24.92 | baseline=0.75
[2026-04-27T22:49:45] GLOBAL_ANOMALY | condition=global_zscore=5.98 | global_rate=24.93 | rate=24.93 | baseline=0.75
[2026-04-27T22:49:45] GLOBAL_ANOMALY | condition=global_zscore=5.98 | global_rate=24.95 | rate=24.95 | baseline=0.75
[2026-04-27T22:49:45] GLOBAL_ANOMALY | condition=global_zscore=5.99 | global_rate=24.97 | rate=24.97 | baseline=0.75
[2026-04-27T22:49:45] GLOBAL_ANOMALY | condition=global_zscore=5.99 | global_rate=24.98 | rate=24.98 | baseline=0.75
[2026-04-27T22:49:45] GLOBAL_ANOMALY | condition=global_zscore=5.99 | global_rate=25.00 | rate=25.00 | baseline=0.75
[2026-04-27T22:49:45] GLOBAL_ANOMALY | condition=global_zscore=6.00 | global_rate=25.02 | rate=25.02 | baseline=0.75
[2026-04-27T22:49:45] GLOBAL_ANOMALY | condition=global_zscore=6.00 | global_rate=25.03 | rate=25.03 | baseline=0.75
[2026-04-27T22:49:45] GLOBAL_ANOMALY | condition=global_zscore=6.01 | global_rate=25.05 | rate=25.05 | baseline=0.75
[2026-04-27T22:49:45] GLOBAL_ANOMALY | condition=global_zscore=6.01 | global_rate=25.07 | rate=25.07 | baseline=0.75
[2026-04-27T22:49:45] GLOBAL_ANOMALY | condition=global_zscore=6.02 | global_rate=25.08 | rate=25.08 | baseline=0.75
[2026-04-27T22:49:45] GLOBAL_ANOMALY | condition=global_zscore=6.02 | global_rate=25.10 | rate=25.10 | baseline=0.75
[2026-04-27T22:49:45] GLOBAL_ANOMALY | condition=global_zscore=6.02 | global_rate=25.12 | rate=25.12 | baseline=0.75
[2026-04-27T22:49:45] GLOBAL_ANOMALY | condition=global_zscore=6.03 | global_rate=25.13 | rate=25.13 | baseline=0.75
[2026-04-27T22:49:45] GLOBAL_ANOMALY | condition=global_zscore=6.03 | global_rate=25.15 | rate=25.15 | baseline=0.75
[2026-04-27T22:49:45] GLOBAL_ANOMALY | condition=global_zscore=6.04 | global_rate=25.17 | rate=25.17 | baseline=0.75
[2026-04-27T22:49:45] GLOBAL_ANOMALY | condition=global_zscore=6.04 | global_rate=25.18 | rate=25.18 | baseline=0.75
[2026-04-27T22:49:45] GLOBAL_ANOMALY | condition=global_zscore=6.04 | global_rate=25.20 | rate=25.20 | baseline=0.75
[2026-04-27T22:49:45] GLOBAL_ANOMALY | condition=global_zscore=6.05 | global_rate=25.22 | rate=25.22 | baseline=0.75
[2026-04-27T22:49:45] GLOBAL_ANOMALY | condition=global_zscore=6.05 | global_rate=25.23 | rate=25.23 | baseline=0.75
[2026-04-27T22:49:45] GLOBAL_ANOMALY | condition=global_zscore=6.06 | global_rate=25.25 | rate=25.25 | baseline=0.75
[2026-04-27T22:49:45] GLOBAL_ANOMALY | condition=global_zscore=6.06 | global_rate=25.27 | rate=25.27 | baseline=0.75
[2026-04-27T22:49:45] GLOBAL_ANOMALY | condition=global_zscore=6.07 | global_rate=25.28 | rate=25.28 | baseline=0.75
[2026-04-27T22:49:45] GLOBAL_ANOMALY | condition=global_zscore=6.07 | global_rate=25.30 | rate=25.30 | baseline=0.75
[2026-04-27T22:49:45] GLOBAL_ANOMALY | condition=global_zscore=6.07 | global_rate=25.32 | rate=25.32 | baseline=0.75
[2026-04-27T22:49:45] GLOBAL_ANOMALY | condition=global_zscore=6.08 | global_rate=25.33 | rate=25.33 | baseline=0.75
[2026-04-27T22:49:45] GLOBAL_ANOMALY | condition=global_zscore=6.08 | global_rate=25.35 | rate=25.35 | baseline=0.75
[2026-04-27T22:49:45] GLOBAL_ANOMALY | condition=global_zscore=6.09 | global_rate=25.37 | rate=25.37 | baseline=0.75
[2026-04-27T22:49:45] GLOBAL_ANOMALY | condition=global_zscore=6.09 | global_rate=25.38 | rate=25.38 | baseline=0.75
[2026-04-27T22:49:45] GLOBAL_ANOMALY | condition=global_zscore=6.09 | global_rate=25.40 | rate=25.40 | baseline=0.75
[2026-04-27T22:49:45] GLOBAL_ANOMALY | condition=global_zscore=6.10 | global_rate=25.42 | rate=25.42 | baseline=0.75
[2026-04-27T22:49:45] GLOBAL_ANOMALY | condition=global_zscore=6.10 | global_rate=25.43 | rate=25.43 | baseline=0.75
[2026-04-27T22:49:45] GLOBAL_ANOMALY | condition=global_zscore=6.11 | global_rate=25.45 | rate=25.45 | baseline=0.75
[2026-04-27T22:49:45] GLOBAL_ANOMALY | condition=global_zscore=6.11 | global_rate=25.47 | rate=25.47 | baseline=0.75
[2026-04-27T22:49:45] GLOBAL_ANOMALY | condition=global_zscore=6.11 | global_rate=25.48 | rate=25.48 | baseline=0.75
[2026-04-27T22:49:45] GLOBAL_ANOMALY | condition=global_zscore=6.12 | global_rate=25.50 | rate=25.50 | baseline=0.75
[2026-04-27T22:49:45] GLOBAL_ANOMALY | condition=global_zscore=6.12 | global_rate=25.52 | rate=25.52 | baseline=0.75
[2026-04-27T22:49:45] GLOBAL_ANOMALY | condition=global_zscore=6.13 | global_rate=25.53 | rate=25.53 | baseline=0.75
[2026-04-27T22:49:45] GLOBAL_ANOMALY | condition=global_zscore=6.13 | global_rate=25.55 | rate=25.55 | baseline=0.75
[2026-04-27T22:49:45] GLOBAL_ANOMALY | condition=global_zscore=6.14 | global_rate=25.57 | rate=25.57 | baseline=0.75
[2026-04-27T22:49:45] GLOBAL_ANOMALY | condition=global_zscore=6.14 | global_rate=25.58 | rate=25.58 | baseline=0.75
[2026-04-27T22:49:45] GLOBAL_ANOMALY | condition=global_zscore=6.14 | global_rate=25.60 | rate=25.60 | baseline=0.75
[2026-04-27T22:49:45] GLOBAL_ANOMALY | condition=global_zscore=6.15 | global_rate=25.62 | rate=25.62 | baseline=0.75
[2026-04-27T22:49:45] GLOBAL_ANOMALY | condition=global_zscore=6.15 | global_rate=25.63 | rate=25.63 | baseline=0.75
[2026-04-27T22:49:45] GLOBAL_ANOMALY | condition=global_zscore=6.16 | global_rate=25.65 | rate=25.65 | baseline=0.75
[2026-04-27T22:49:45] GLOBAL_ANOMALY | condition=global_zscore=6.16 | global_rate=25.67 | rate=25.67 | baseline=0.75
[2026-04-27T22:49:45] GLOBAL_ANOMALY | condition=global_zscore=6.16 | global_rate=25.68 | rate=25.68 | baseline=0.75
[2026-04-27T22:49:45] GLOBAL_ANOMALY | condition=global_zscore=6.17 | global_rate=25.70 | rate=25.70 | baseline=0.75
[2026-04-27T22:49:45] GLOBAL_ANOMALY | condition=global_zscore=6.17 | global_rate=25.72 | rate=25.72 | baseline=0.75
[2026-04-27T22:49:45] GLOBAL_ANOMALY | condition=global_zscore=6.18 | global_rate=25.73 | rate=25.73 | baseline=0.75
[2026-04-27T22:49:45] GLOBAL_ANOMALY | condition=global_zscore=6.18 | global_rate=25.75 | rate=25.75 | baseline=0.75
[2026-04-27T22:49:45] GLOBAL_ANOMALY | condition=global_zscore=6.18 | global_rate=25.77 | rate=25.77 | baseline=0.75
[2026-04-27T22:49:45] GLOBAL_ANOMALY | condition=global_zscore=6.19 | global_rate=25.78 | rate=25.78 | baseline=0.75
[2026-04-27T22:49:45] GLOBAL_ANOMALY | condition=global_zscore=6.19 | global_rate=25.80 | rate=25.80 | baseline=0.75
[2026-04-27T22:49:45] GLOBAL_ANOMALY | condition=global_zscore=6.20 | global_rate=25.82 | rate=25.82 | baseline=0.75
[2026-04-27T22:49:45] GLOBAL_ANOMALY | condition=global_zscore=6.20 | global_rate=25.83 | rate=25.83 | baseline=0.75
[2026-04-27T22:49:45] GLOBAL_ANOMALY | condition=global_zscore=6.21 | global_rate=25.85 | rate=25.85 | baseline=0.75
[2026-04-27T22:49:45] GLOBAL_ANOMALY | condition=global_zscore=6.21 | global_rate=25.87 | rate=25.87 | baseline=0.75
[2026-04-27T22:49:45] GLOBAL_ANOMALY | condition=global_zscore=6.21 | global_rate=25.88 | rate=25.88 | baseline=0.75
[2026-04-27T22:49:45] GLOBAL_ANOMALY | condition=global_zscore=6.22 | global_rate=25.90 | rate=25.90 | baseline=0.75
[2026-04-27T22:49:45] GLOBAL_ANOMALY | condition=global_zscore=6.22 | global_rate=25.92 | rate=25.92 | baseline=0.75
[2026-04-27T22:49:45] GLOBAL_ANOMALY | condition=global_zscore=6.23 | global_rate=25.93 | rate=25.93 | baseline=0.75
[2026-04-27T22:49:45] GLOBAL_ANOMALY | condition=global_zscore=6.23 | global_rate=25.95 | rate=25.95 | baseline=0.75
[2026-04-27T22:49:45] GLOBAL_ANOMALY | condition=global_zscore=6.23 | global_rate=25.97 | rate=25.97 | baseline=0.75
[2026-04-27T22:49:45] GLOBAL_ANOMALY | condition=global_zscore=6.24 | global_rate=25.98 | rate=25.98 | baseline=0.75
[2026-04-27T22:49:45] GLOBAL_ANOMALY | condition=global_zscore=6.24 | global_rate=26.00 | rate=26.00 | baseline=0.75
[2026-04-27T22:49:45] GLOBAL_ANOMALY | condition=global_zscore=6.25 | global_rate=26.02 | rate=26.02 | baseline=0.75
[2026-04-27T22:49:45] GLOBAL_ANOMALY | condition=global_zscore=6.25 | global_rate=26.03 | rate=26.03 | baseline=0.75
[2026-04-27T22:49:45] GLOBAL_ANOMALY | condition=global_zscore=6.25 | global_rate=26.05 | rate=26.05 | baseline=0.75
[2026-04-27T22:49:45] GLOBAL_ANOMALY | condition=global_zscore=6.26 | global_rate=26.07 | rate=26.07 | baseline=0.75
[2026-04-27T22:49:45] GLOBAL_ANOMALY | condition=global_zscore=6.26 | global_rate=26.08 | rate=26.08 | baseline=0.75
[2026-04-27T22:49:45] GLOBAL_ANOMALY | condition=global_zscore=6.27 | global_rate=26.10 | rate=26.10 | baseline=0.75
[2026-04-27T22:49:45] GLOBAL_ANOMALY | condition=global_zscore=6.27 | global_rate=26.12 | rate=26.12 | baseline=0.75
[2026-04-27T22:49:45] GLOBAL_ANOMALY | condition=global_zscore=6.28 | global_rate=26.13 | rate=26.13 | baseline=0.75
[2026-04-27T22:49:45] GLOBAL_ANOMALY | condition=global_zscore=6.28 | global_rate=26.15 | rate=26.15 | baseline=0.75
[2026-04-27T22:49:45] GLOBAL_ANOMALY | condition=global_zscore=6.28 | global_rate=26.17 | rate=26.17 | baseline=0.75
[2026-04-27T22:49:45] GLOBAL_ANOMALY | condition=global_zscore=6.29 | global_rate=26.18 | rate=26.18 | baseline=0.75
[2026-04-27T22:49:45] GLOBAL_ANOMALY | condition=global_zscore=6.29 | global_rate=26.20 | rate=26.20 | baseline=0.75
[2026-04-27T22:49:45] GLOBAL_ANOMALY | condition=global_zscore=6.30 | global_rate=26.22 | rate=26.22 | baseline=0.75
[2026-04-27T22:49:45] GLOBAL_ANOMALY | condition=global_zscore=6.30 | global_rate=26.23 | rate=26.23 | baseline=0.75
[2026-04-27T22:49:45] GLOBAL_ANOMALY | condition=global_zscore=6.30 | global_rate=26.25 | rate=26.25 | baseline=0.75
[2026-04-27T22:49:45] GLOBAL_ANOMALY | condition=global_zscore=6.31 | global_rate=26.27 | rate=26.27 | baseline=0.75
[2026-04-27T22:49:45] GLOBAL_ANOMALY | condition=global_zscore=6.31 | global_rate=26.28 | rate=26.28 | baseline=0.75
[2026-04-27T22:49:45] GLOBAL_ANOMALY | condition=global_zscore=6.32 | global_rate=26.30 | rate=26.30 | baseline=0.75
[2026-04-27T22:49:45] GLOBAL_ANOMALY | condition=global_zscore=6.32 | global_rate=26.32 | rate=26.32 | baseline=0.75
[2026-04-27T22:49:45] GLOBAL_ANOMALY | condition=global_zscore=6.32 | global_rate=26.33 | rate=26.33 | baseline=0.75
[2026-04-27T22:49:45] GLOBAL_ANOMALY | condition=global_zscore=6.33 | global_rate=26.35 | rate=26.35 | baseline=0.75
[2026-04-27T22:49:45] GLOBAL_ANOMALY | condition=global_zscore=6.33 | global_rate=26.37 | rate=26.37 | baseline=0.75
[2026-04-27T22:49:45] GLOBAL_ANOMALY | condition=global_zscore=6.34 | global_rate=26.38 | rate=26.38 | baseline=0.75
[2026-04-27T22:49:45] GLOBAL_ANOMALY | condition=global_zscore=6.34 | global_rate=26.40 | rate=26.40 | baseline=0.75
[2026-04-27T22:49:45] GLOBAL_ANOMALY | condition=global_zscore=6.35 | global_rate=26.42 | rate=26.42 | baseline=0.75
[2026-04-27T22:49:45] GLOBAL_ANOMALY | condition=global_zscore=6.35 | global_rate=26.43 | rate=26.43 | baseline=0.75
[2026-04-27T22:49:45] GLOBAL_ANOMALY | condition=global_zscore=6.35 | global_rate=26.45 | rate=26.45 | baseline=0.75
[2026-04-27T22:49:45] GLOBAL_ANOMALY | condition=global_zscore=6.36 | global_rate=26.47 | rate=26.47 | baseline=0.75
[2026-04-27T22:49:45] GLOBAL_ANOMALY | condition=global_zscore=6.36 | global_rate=26.48 | rate=26.48 | baseline=0.75
[2026-04-27T22:49:45] GLOBAL_ANOMALY | condition=global_zscore=6.37 | global_rate=26.50 | rate=26.50 | baseline=0.75
[2026-04-27T22:49:46] GLOBAL_ANOMALY | condition=global_zscore=6.37 | global_rate=26.52 | rate=26.52 | baseline=0.75
[2026-04-27T22:49:46] GLOBAL_ANOMALY | condition=global_zscore=6.37 | global_rate=26.53 | rate=26.53 | baseline=0.75
[2026-04-27T22:49:46] GLOBAL_ANOMALY | condition=global_zscore=6.38 | global_rate=26.55 | rate=26.55 | baseline=0.75
[2026-04-27T22:49:46] GLOBAL_ANOMALY | condition=global_zscore=6.38 | global_rate=26.57 | rate=26.57 | baseline=0.75
[2026-04-27T22:49:46] GLOBAL_ANOMALY | condition=global_zscore=6.39 | global_rate=26.58 | rate=26.58 | baseline=0.75
[2026-04-27T22:49:46] GLOBAL_ANOMALY | condition=global_zscore=6.39 | global_rate=26.60 | rate=26.60 | baseline=0.75
[2026-04-27T22:49:46] GLOBAL_ANOMALY | condition=global_zscore=6.39 | global_rate=26.62 | rate=26.62 | baseline=0.75
[2026-04-27T22:49:46] GLOBAL_ANOMALY | condition=global_zscore=6.40 | global_rate=26.63 | rate=26.63 | baseline=0.75
[2026-04-27T22:49:46] GLOBAL_ANOMALY | condition=global_zscore=6.40 | global_rate=26.65 | rate=26.65 | baseline=0.75
[2026-04-27T22:49:46] GLOBAL_ANOMALY | condition=global_zscore=6.41 | global_rate=26.67 | rate=26.67 | baseline=0.75
[2026-04-27T22:49:46] GLOBAL_ANOMALY | condition=global_zscore=6.41 | global_rate=26.68 | rate=26.68 | baseline=0.75
[2026-04-27T22:49:46] GLOBAL_ANOMALY | condition=global_zscore=6.42 | global_rate=26.70 | rate=26.70 | baseline=0.75
[2026-04-27T22:49:46] GLOBAL_ANOMALY | condition=global_zscore=6.42 | global_rate=26.72 | rate=26.72 | baseline=0.75
[2026-04-27T22:49:46] GLOBAL_ANOMALY | condition=global_zscore=6.42 | global_rate=26.73 | rate=26.73 | baseline=0.75
[2026-04-27T22:49:46] GLOBAL_ANOMALY | condition=global_zscore=6.43 | global_rate=26.75 | rate=26.75 | baseline=0.75
[2026-04-27T22:49:46] GLOBAL_ANOMALY | condition=global_zscore=6.43 | global_rate=26.77 | rate=26.77 | baseline=0.75
[2026-04-27T22:49:46] GLOBAL_ANOMALY | condition=global_zscore=6.44 | global_rate=26.78 | rate=26.78 | baseline=0.75
[2026-04-27T22:49:46] GLOBAL_ANOMALY | condition=global_zscore=6.44 | global_rate=26.80 | rate=26.80 | baseline=0.75
[2026-04-27T22:49:46] GLOBAL_ANOMALY | condition=global_zscore=6.44 | global_rate=26.82 | rate=26.82 | baseline=0.75
[2026-04-27T22:49:46] GLOBAL_ANOMALY | condition=global_zscore=6.45 | global_rate=26.83 | rate=26.83 | baseline=0.75
[2026-04-27T22:49:46] GLOBAL_ANOMALY | condition=global_zscore=6.45 | global_rate=26.85 | rate=26.85 | baseline=0.75
[2026-04-27T22:49:46] GLOBAL_ANOMALY | condition=global_zscore=6.46 | global_rate=26.87 | rate=26.87 | baseline=0.75
[2026-04-27T22:49:46] GLOBAL_ANOMALY | condition=global_zscore=6.46 | global_rate=26.88 | rate=26.88 | baseline=0.75
[2026-04-27T22:49:46] GLOBAL_ANOMALY | condition=global_zscore=6.46 | global_rate=26.90 | rate=26.90 | baseline=0.75
[2026-04-27T22:49:46] GLOBAL_ANOMALY | condition=global_zscore=6.47 | global_rate=26.92 | rate=26.92 | baseline=0.75
[2026-04-27T22:49:46] GLOBAL_ANOMALY | condition=global_zscore=6.47 | global_rate=26.93 | rate=26.93 | baseline=0.75
[2026-04-27T22:49:46] GLOBAL_ANOMALY | condition=global_zscore=6.48 | global_rate=26.95 | rate=26.95 | baseline=0.75
[2026-04-27T22:49:46] GLOBAL_ANOMALY | condition=global_zscore=6.48 | global_rate=26.97 | rate=26.97 | baseline=0.75
[2026-04-27T22:49:46] GLOBAL_ANOMALY | condition=global_zscore=6.49 | global_rate=26.98 | rate=26.98 | baseline=0.75
[2026-04-27T22:49:46] GLOBAL_ANOMALY | condition=global_zscore=6.49 | global_rate=27.00 | rate=27.00 | baseline=0.75
[2026-04-27T22:49:46] GLOBAL_ANOMALY | condition=global_zscore=6.49 | global_rate=27.02 | rate=27.02 | baseline=0.75
[2026-04-27T22:49:46] GLOBAL_ANOMALY | condition=global_zscore=6.50 | global_rate=27.03 | rate=27.03 | baseline=0.75
[2026-04-27T22:49:46] GLOBAL_ANOMALY | condition=global_zscore=6.50 | global_rate=27.05 | rate=27.05 | baseline=0.75
[2026-04-27T22:49:46] GLOBAL_ANOMALY | condition=global_zscore=6.51 | global_rate=27.07 | rate=27.07 | baseline=0.75
[2026-04-27T22:49:46] GLOBAL_ANOMALY | condition=global_zscore=6.51 | global_rate=27.08 | rate=27.08 | baseline=0.75
[2026-04-27T22:49:46] GLOBAL_ANOMALY | condition=global_zscore=6.51 | global_rate=27.10 | rate=27.10 | baseline=0.75
[2026-04-27T22:49:46] GLOBAL_ANOMALY | condition=global_zscore=6.52 | global_rate=27.12 | rate=27.12 | baseline=0.75
[2026-04-27T22:49:46] GLOBAL_ANOMALY | condition=global_zscore=6.52 | global_rate=27.13 | rate=27.13 | baseline=0.75
[2026-04-27T22:49:46] GLOBAL_ANOMALY | condition=global_zscore=6.53 | global_rate=27.15 | rate=27.15 | baseline=0.75
[2026-04-27T22:49:46] GLOBAL_ANOMALY | condition=global_zscore=6.53 | global_rate=27.17 | rate=27.17 | baseline=0.75
[2026-04-27T22:49:46] GLOBAL_ANOMALY | condition=global_zscore=6.53 | global_rate=27.18 | rate=27.18 | baseline=0.75
[2026-04-27T22:49:46] GLOBAL_ANOMALY | condition=global_zscore=6.54 | global_rate=27.20 | rate=27.20 | baseline=0.75
[2026-04-27T22:49:46] GLOBAL_ANOMALY | condition=global_zscore=6.54 | global_rate=27.22 | rate=27.22 | baseline=0.75
[2026-04-27T22:49:46] GLOBAL_ANOMALY | condition=global_zscore=6.55 | global_rate=27.23 | rate=27.23 | baseline=0.75
[2026-04-27T22:49:46] GLOBAL_ANOMALY | condition=global_zscore=6.55 | global_rate=27.25 | rate=27.25 | baseline=0.75
[2026-04-27T22:49:46] GLOBAL_ANOMALY | condition=global_zscore=6.56 | global_rate=27.27 | rate=27.27 | baseline=0.75
[2026-04-27T22:49:46] GLOBAL_ANOMALY | condition=global_zscore=6.56 | global_rate=27.28 | rate=27.28 | baseline=0.75
[2026-04-27T22:49:46] GLOBAL_ANOMALY | condition=global_zscore=6.56 | global_rate=27.30 | rate=27.30 | baseline=0.75
[2026-04-27T22:49:46] GLOBAL_ANOMALY | condition=global_zscore=6.57 | global_rate=27.32 | rate=27.32 | baseline=0.75
[2026-04-27T22:49:46] GLOBAL_ANOMALY | condition=global_zscore=6.57 | global_rate=27.33 | rate=27.33 | baseline=0.75
[2026-04-27T22:49:46] GLOBAL_ANOMALY | condition=global_zscore=6.58 | global_rate=27.35 | rate=27.35 | baseline=0.75
[2026-04-27T22:49:46] GLOBAL_ANOMALY | condition=global_zscore=6.58 | global_rate=27.37 | rate=27.37 | baseline=0.75
[2026-04-27T22:49:46] GLOBAL_ANOMALY | condition=global_zscore=6.58 | global_rate=27.38 | rate=27.38 | baseline=0.75
[2026-04-27T22:49:46] GLOBAL_ANOMALY | condition=global_zscore=6.59 | global_rate=27.40 | rate=27.40 | baseline=0.75
[2026-04-27T22:49:46] GLOBAL_ANOMALY | condition=global_zscore=6.59 | global_rate=27.42 | rate=27.42 | baseline=0.75
[2026-04-27T22:49:46] GLOBAL_ANOMALY | condition=global_zscore=6.60 | global_rate=27.43 | rate=27.43 | baseline=0.75
[2026-04-27T22:49:46] GLOBAL_ANOMALY | condition=global_zscore=6.60 | global_rate=27.45 | rate=27.45 | baseline=0.75
[2026-04-27T22:49:46] GLOBAL_ANOMALY | condition=global_zscore=6.60 | global_rate=27.47 | rate=27.47 | baseline=0.75
[2026-04-27T22:49:46] GLOBAL_ANOMALY | condition=global_zscore=6.61 | global_rate=27.48 | rate=27.48 | baseline=0.75
[2026-04-27T22:49:46] GLOBAL_ANOMALY | condition=global_zscore=6.61 | global_rate=27.50 | rate=27.50 | baseline=0.75
[2026-04-27T22:49:46] GLOBAL_ANOMALY | condition=global_zscore=6.62 | global_rate=27.52 | rate=27.52 | baseline=0.75
[2026-04-27T22:49:46] GLOBAL_ANOMALY | condition=global_zscore=6.62 | global_rate=27.53 | rate=27.53 | baseline=0.75
[2026-04-27T22:49:46] GLOBAL_ANOMALY | condition=global_zscore=6.63 | global_rate=27.55 | rate=27.55 | baseline=0.75
[2026-04-27T22:49:46] GLOBAL_ANOMALY | condition=global_zscore=6.63 | global_rate=27.57 | rate=27.57 | baseline=0.75
[2026-04-27T22:49:46] GLOBAL_ANOMALY | condition=global_zscore=6.63 | global_rate=27.58 | rate=27.58 | baseline=0.75
[2026-04-27T22:49:46] GLOBAL_ANOMALY | condition=global_zscore=6.64 | global_rate=27.60 | rate=27.60 | baseline=0.75
[2026-04-27T22:49:46] GLOBAL_ANOMALY | condition=global_zscore=6.64 | global_rate=27.62 | rate=27.62 | baseline=0.75
[2026-04-27T22:49:46] GLOBAL_ANOMALY | condition=global_zscore=6.65 | global_rate=27.63 | rate=27.63 | baseline=0.75
[2026-04-27T22:49:46] GLOBAL_ANOMALY | condition=global_zscore=6.65 | global_rate=27.65 | rate=27.65 | baseline=0.75
[2026-04-27T22:49:46] GLOBAL_ANOMALY | condition=global_zscore=6.65 | global_rate=27.67 | rate=27.67 | baseline=0.75
[2026-04-27T22:49:46] GLOBAL_ANOMALY | condition=global_zscore=6.66 | global_rate=27.68 | rate=27.68 | baseline=0.75
[2026-04-27T22:49:46] GLOBAL_ANOMALY | condition=global_zscore=6.66 | global_rate=27.70 | rate=27.70 | baseline=0.75
[2026-04-27T22:49:46] GLOBAL_ANOMALY | condition=global_zscore=6.67 | global_rate=27.72 | rate=27.72 | baseline=0.75
[2026-04-27T22:49:46] GLOBAL_ANOMALY | condition=global_zscore=6.67 | global_rate=27.73 | rate=27.73 | baseline=0.75
[2026-04-27T22:49:46] GLOBAL_ANOMALY | condition=global_zscore=6.67 | global_rate=27.75 | rate=27.75 | baseline=0.75
[2026-04-27T22:49:46] GLOBAL_ANOMALY | condition=global_zscore=6.68 | global_rate=27.77 | rate=27.77 | baseline=0.75
[2026-04-27T22:49:46] GLOBAL_ANOMALY | condition=global_zscore=6.68 | global_rate=27.78 | rate=27.78 | baseline=0.75
[2026-04-27T22:49:46] GLOBAL_ANOMALY | condition=global_zscore=6.69 | global_rate=27.80 | rate=27.80 | baseline=0.75
[2026-04-27T22:49:46] GLOBAL_ANOMALY | condition=global_zscore=6.69 | global_rate=27.82 | rate=27.82 | baseline=0.75
[2026-04-27T22:49:46] GLOBAL_ANOMALY | condition=global_zscore=6.70 | global_rate=27.83 | rate=27.83 | baseline=0.75
[2026-04-27T22:49:46] GLOBAL_ANOMALY | condition=global_zscore=6.70 | global_rate=27.85 | rate=27.85 | baseline=0.75
[2026-04-27T22:49:46] GLOBAL_ANOMALY | condition=global_zscore=6.70 | global_rate=27.87 | rate=27.87 | baseline=0.75
[2026-04-27T22:49:46] GLOBAL_ANOMALY | condition=global_zscore=6.71 | global_rate=27.88 | rate=27.88 | baseline=0.75
[2026-04-27T22:49:46] GLOBAL_ANOMALY | condition=global_zscore=6.71 | global_rate=27.90 | rate=27.90 | baseline=0.75
[2026-04-27T22:49:46] GLOBAL_ANOMALY | condition=global_zscore=6.72 | global_rate=27.92 | rate=27.92 | baseline=0.75
[2026-04-27T22:49:46] GLOBAL_ANOMALY | condition=global_zscore=6.72 | global_rate=27.93 | rate=27.93 | baseline=0.75
[2026-04-27T22:49:46] GLOBAL_ANOMALY | condition=global_zscore=6.72 | global_rate=27.95 | rate=27.95 | baseline=0.75
[2026-04-27T22:49:46] GLOBAL_ANOMALY | condition=global_zscore=6.73 | global_rate=27.97 | rate=27.97 | baseline=0.75
[2026-04-27T22:49:46] GLOBAL_ANOMALY | condition=global_zscore=6.73 | global_rate=27.98 | rate=27.98 | baseline=0.75
[2026-04-27T22:49:46] GLOBAL_ANOMALY | condition=global_zscore=6.74 | global_rate=28.00 | rate=28.00 | baseline=0.75
[2026-04-27T22:49:46] GLOBAL_ANOMALY | condition=global_zscore=6.74 | global_rate=28.02 | rate=28.02 | baseline=0.75
[2026-04-27T22:49:46] GLOBAL_ANOMALY | condition=global_zscore=6.74 | global_rate=28.03 | rate=28.03 | baseline=0.75
[2026-04-27T22:49:46] GLOBAL_ANOMALY | condition=global_zscore=6.75 | global_rate=28.05 | rate=28.05 | baseline=0.75
[2026-04-27T22:49:46] GLOBAL_ANOMALY | condition=global_zscore=6.75 | global_rate=28.07 | rate=28.07 | baseline=0.75
[2026-04-27T22:49:46] GLOBAL_ANOMALY | condition=global_zscore=6.76 | global_rate=28.08 | rate=28.08 | baseline=0.75
[2026-04-27T22:49:46] GLOBAL_ANOMALY | condition=global_zscore=6.76 | global_rate=28.10 | rate=28.10 | baseline=0.75
[2026-04-27T22:49:46] GLOBAL_ANOMALY | condition=global_zscore=6.77 | global_rate=28.12 | rate=28.12 | baseline=0.75
[2026-04-27T22:49:46] GLOBAL_ANOMALY | condition=global_zscore=6.77 | global_rate=28.13 | rate=28.13 | baseline=0.75
[2026-04-27T22:49:46] GLOBAL_ANOMALY | condition=global_zscore=6.77 | global_rate=28.15 | rate=28.15 | baseline=0.75
[2026-04-27T22:49:46] GLOBAL_ANOMALY | condition=global_zscore=6.78 | global_rate=28.17 | rate=28.17 | baseline=0.75
[2026-04-27T22:49:46] GLOBAL_ANOMALY | condition=global_zscore=6.78 | global_rate=28.18 | rate=28.18 | baseline=0.75
[2026-04-27T22:49:46] GLOBAL_ANOMALY | condition=global_zscore=6.79 | global_rate=28.20 | rate=28.20 | baseline=0.75
[2026-04-27T22:49:46] GLOBAL_ANOMALY | condition=global_zscore=6.79 | global_rate=28.22 | rate=28.22 | baseline=0.75
[2026-04-27T22:49:46] GLOBAL_ANOMALY | condition=global_zscore=6.79 | global_rate=28.23 | rate=28.23 | baseline=0.75
[2026-04-27T22:49:46] GLOBAL_ANOMALY | condition=global_zscore=6.80 | global_rate=28.25 | rate=28.25 | baseline=0.75
[2026-04-27T22:49:46] GLOBAL_ANOMALY | condition=global_zscore=6.80 | global_rate=28.27 | rate=28.27 | baseline=0.75
[2026-04-27T22:49:46] GLOBAL_ANOMALY | condition=global_zscore=6.81 | global_rate=28.28 | rate=28.28 | baseline=0.75
[2026-04-27T22:49:46] GLOBAL_ANOMALY | condition=global_zscore=6.81 | global_rate=28.30 | rate=28.30 | baseline=0.75
[2026-04-27T22:49:46] GLOBAL_ANOMALY | condition=global_zscore=6.81 | global_rate=28.32 | rate=28.32 | baseline=0.75
[2026-04-27T22:49:46] GLOBAL_ANOMALY | condition=global_zscore=6.82 | global_rate=28.33 | rate=28.33 | baseline=0.75
[2026-04-27T22:49:46] GLOBAL_ANOMALY | condition=global_zscore=6.82 | global_rate=28.35 | rate=28.35 | baseline=0.75
[2026-04-27T22:49:46] GLOBAL_ANOMALY | condition=global_zscore=6.83 | global_rate=28.37 | rate=28.37 | baseline=0.75
[2026-04-27T22:49:46] GLOBAL_ANOMALY | condition=global_zscore=6.83 | global_rate=28.38 | rate=28.38 | baseline=0.75
[2026-04-27T22:49:46] GLOBAL_ANOMALY | condition=global_zscore=6.84 | global_rate=28.40 | rate=28.40 | baseline=0.75
[2026-04-27T22:49:46] GLOBAL_ANOMALY | condition=global_zscore=6.84 | global_rate=28.42 | rate=28.42 | baseline=0.75
[2026-04-27T22:49:46] GLOBAL_ANOMALY | condition=global_zscore=6.84 | global_rate=28.43 | rate=28.43 | baseline=0.75
[2026-04-27T22:49:46] GLOBAL_ANOMALY | condition=global_zscore=6.85 | global_rate=28.45 | rate=28.45 | baseline=0.75
[2026-04-27T22:49:46] GLOBAL_ANOMALY | condition=global_zscore=6.85 | global_rate=28.47 | rate=28.47 | baseline=0.75
[2026-04-27T22:49:46] GLOBAL_ANOMALY | condition=global_zscore=6.86 | global_rate=28.48 | rate=28.48 | baseline=0.75
[2026-04-27T22:49:46] GLOBAL_ANOMALY | condition=global_zscore=6.86 | global_rate=28.50 | rate=28.50 | baseline=0.75
[2026-04-27T22:49:46] GLOBAL_ANOMALY | condition=global_zscore=6.86 | global_rate=28.52 | rate=28.52 | baseline=0.75
[2026-04-27T22:49:46] GLOBAL_ANOMALY | condition=global_zscore=6.87 | global_rate=28.53 | rate=28.53 | baseline=0.75
[2026-04-27T22:49:46] GLOBAL_ANOMALY | condition=global_zscore=6.87 | global_rate=28.55 | rate=28.55 | baseline=0.75
[2026-04-27T22:49:46] GLOBAL_ANOMALY | condition=global_zscore=6.88 | global_rate=28.57 | rate=28.57 | baseline=0.75
[2026-04-27T22:49:46] GLOBAL_ANOMALY | condition=global_zscore=6.88 | global_rate=28.58 | rate=28.58 | baseline=0.75
[2026-04-27T22:49:46] GLOBAL_ANOMALY | condition=global_zscore=6.89 | global_rate=28.60 | rate=28.60 | baseline=0.75
[2026-04-27T22:49:46] GLOBAL_ANOMALY | condition=global_zscore=6.89 | global_rate=28.62 | rate=28.62 | baseline=0.75
[2026-04-27T22:49:46] GLOBAL_ANOMALY | condition=global_zscore=6.89 | global_rate=28.63 | rate=28.63 | baseline=0.75
[2026-04-27T22:49:46] GLOBAL_ANOMALY | condition=global_zscore=6.90 | global_rate=28.65 | rate=28.65 | baseline=0.75
[2026-04-27T22:49:46] GLOBAL_ANOMALY | condition=global_zscore=6.90 | global_rate=28.67 | rate=28.67 | baseline=0.75
[2026-04-27T22:49:46] GLOBAL_ANOMALY | condition=global_zscore=6.91 | global_rate=28.68 | rate=28.68 | baseline=0.75
[2026-04-27T22:49:46] GLOBAL_ANOMALY | condition=global_zscore=6.91 | global_rate=28.70 | rate=28.70 | baseline=0.75
[2026-04-27T22:49:46] GLOBAL_ANOMALY | condition=global_zscore=6.91 | global_rate=28.72 | rate=28.72 | baseline=0.75
[2026-04-27T22:49:46] GLOBAL_ANOMALY | condition=global_zscore=6.92 | global_rate=28.73 | rate=28.73 | baseline=0.75
[2026-04-27T22:49:46] GLOBAL_ANOMALY | condition=global_zscore=6.92 | global_rate=28.75 | rate=28.75 | baseline=0.75
[2026-04-27T22:49:46] GLOBAL_ANOMALY | condition=global_zscore=6.93 | global_rate=28.77 | rate=28.77 | baseline=0.75
[2026-04-27T22:49:46] GLOBAL_ANOMALY | condition=global_zscore=6.93 | global_rate=28.78 | rate=28.78 | baseline=0.75
[2026-04-27T22:49:46] GLOBAL_ANOMALY | condition=global_zscore=6.93 | global_rate=28.80 | rate=28.80 | baseline=0.75
[2026-04-27T22:49:46] GLOBAL_ANOMALY | condition=global_zscore=6.94 | global_rate=28.82 | rate=28.82 | baseline=0.75
[2026-04-27T22:49:46] GLOBAL_ANOMALY | condition=global_zscore=6.94 | global_rate=28.83 | rate=28.83 | baseline=0.75
[2026-04-27T22:49:46] GLOBAL_ANOMALY | condition=global_zscore=6.95 | global_rate=28.85 | rate=28.85 | baseline=0.75
[2026-04-27T22:49:46] GLOBAL_ANOMALY | condition=global_zscore=6.95 | global_rate=28.87 | rate=28.87 | baseline=0.75
[2026-04-27T22:49:46] GLOBAL_ANOMALY | condition=global_zscore=6.96 | global_rate=28.88 | rate=28.88 | baseline=0.75
[2026-04-27T22:49:46] GLOBAL_ANOMALY | condition=global_zscore=6.96 | global_rate=28.90 | rate=28.90 | baseline=0.75
[2026-04-27T22:49:46] GLOBAL_ANOMALY | condition=global_zscore=6.96 | global_rate=28.92 | rate=28.92 | baseline=0.75
[2026-04-27T22:49:46] GLOBAL_ANOMALY | condition=global_zscore=6.97 | global_rate=28.93 | rate=28.93 | baseline=0.75
[2026-04-27T22:49:46] GLOBAL_ANOMALY | condition=global_zscore=6.97 | global_rate=28.95 | rate=28.95 | baseline=0.75
[2026-04-27T22:49:46] GLOBAL_ANOMALY | condition=global_zscore=6.98 | global_rate=28.97 | rate=28.97 | baseline=0.75
[2026-04-27T22:49:46] GLOBAL_ANOMALY | condition=global_zscore=6.98 | global_rate=28.98 | rate=28.98 | baseline=0.75
[2026-04-27T22:49:46] GLOBAL_ANOMALY | condition=global_zscore=6.98 | global_rate=29.00 | rate=29.00 | baseline=0.75
[2026-04-27T22:49:46] GLOBAL_ANOMALY | condition=global_zscore=6.99 | global_rate=29.02 | rate=29.02 | baseline=0.75
[2026-04-27T22:49:46] GLOBAL_ANOMALY | condition=global_zscore=6.99 | global_rate=29.03 | rate=29.03 | baseline=0.75
[2026-04-27T22:49:46] GLOBAL_ANOMALY | condition=global_zscore=7.00 | global_rate=29.05 | rate=29.05 | baseline=0.75
[2026-04-27T22:49:46] GLOBAL_ANOMALY | condition=global_zscore=7.00 | global_rate=29.07 | rate=29.07 | baseline=0.75
[2026-04-27T22:49:46] GLOBAL_ANOMALY | condition=global_zscore=7.00 | global_rate=29.08 | rate=29.08 | baseline=0.75
[2026-04-27T22:49:46] GLOBAL_ANOMALY | condition=global_zscore=7.01 | global_rate=29.10 | rate=29.10 | baseline=0.75
[2026-04-27T22:49:46] GLOBAL_ANOMALY | condition=global_zscore=7.01 | global_rate=29.12 | rate=29.12 | baseline=0.75
[2026-04-27T22:49:46] GLOBAL_ANOMALY | condition=global_zscore=7.02 | global_rate=29.13 | rate=29.13 | baseline=0.75
[2026-04-27T22:49:46] GLOBAL_ANOMALY | condition=global_zscore=7.02 | global_rate=29.15 | rate=29.15 | baseline=0.75
[2026-04-27T22:49:46] GLOBAL_ANOMALY | condition=global_zscore=7.03 | global_rate=29.17 | rate=29.17 | baseline=0.75
[2026-04-27T22:49:46] GLOBAL_ANOMALY | condition=global_zscore=7.03 | global_rate=29.18 | rate=29.18 | baseline=0.75
[2026-04-27T22:49:46] GLOBAL_ANOMALY | condition=global_zscore=7.03 | global_rate=29.20 | rate=29.20 | baseline=0.75
[2026-04-27T22:49:46] GLOBAL_ANOMALY | condition=global_zscore=7.04 | global_rate=29.22 | rate=29.22 | baseline=0.75
[2026-04-27T22:49:46] GLOBAL_ANOMALY | condition=global_zscore=7.04 | global_rate=29.23 | rate=29.23 | baseline=0.75
[2026-04-27T22:49:46] GLOBAL_ANOMALY | condition=global_zscore=7.05 | global_rate=29.25 | rate=29.25 | baseline=0.75
[2026-04-27T22:49:46] GLOBAL_ANOMALY | condition=global_zscore=7.05 | global_rate=29.27 | rate=29.27 | baseline=0.75
[2026-04-27T22:49:46] GLOBAL_ANOMALY | condition=global_zscore=7.05 | global_rate=29.28 | rate=29.28 | baseline=0.75
[2026-04-27T22:49:46] GLOBAL_ANOMALY | condition=global_zscore=7.06 | global_rate=29.30 | rate=29.30 | baseline=0.75
[2026-04-27T22:49:46] GLOBAL_ANOMALY | condition=global_zscore=7.06 | global_rate=29.32 | rate=29.32 | baseline=0.75
[2026-04-27T22:49:46] GLOBAL_ANOMALY | condition=global_zscore=7.07 | global_rate=29.33 | rate=29.33 | baseline=0.75
[2026-04-27T22:49:46] GLOBAL_ANOMALY | condition=global_zscore=7.07 | global_rate=29.35 | rate=29.35 | baseline=0.75
[2026-04-27T22:49:46] GLOBAL_ANOMALY | condition=global_zscore=7.07 | global_rate=29.37 | rate=29.37 | baseline=0.75
[2026-04-27T22:49:46] GLOBAL_ANOMALY | condition=global_zscore=7.08 | global_rate=29.38 | rate=29.38 | baseline=0.75
[2026-04-27T22:49:46] GLOBAL_ANOMALY | condition=global_zscore=7.08 | global_rate=29.40 | rate=29.40 | baseline=0.75
[2026-04-27T22:49:46] GLOBAL_ANOMALY | condition=global_zscore=7.09 | global_rate=29.42 | rate=29.42 | baseline=0.75
[2026-04-27T22:49:46] GLOBAL_ANOMALY | condition=global_zscore=7.09 | global_rate=29.43 | rate=29.43 | baseline=0.75
[2026-04-27T22:49:46] GLOBAL_ANOMALY | condition=global_zscore=7.10 | global_rate=29.45 | rate=29.45 | baseline=0.75
[2026-04-27T22:49:46] GLOBAL_ANOMALY | condition=global_zscore=7.10 | global_rate=29.47 | rate=29.47 | baseline=0.75
[2026-04-27T22:49:46] GLOBAL_ANOMALY | condition=global_zscore=7.10 | global_rate=29.48 | rate=29.48 | baseline=0.75
[2026-04-27T22:49:46] GLOBAL_ANOMALY | condition=global_zscore=7.11 | global_rate=29.50 | rate=29.50 | baseline=0.75
[2026-04-27T22:49:46] GLOBAL_ANOMALY | condition=global_zscore=7.11 | global_rate=29.52 | rate=29.52 | baseline=0.75
[2026-04-27T22:49:46] GLOBAL_ANOMALY | condition=global_zscore=7.12 | global_rate=29.53 | rate=29.53 | baseline=0.75
[2026-04-27T22:49:46] GLOBAL_ANOMALY | condition=global_zscore=7.12 | global_rate=29.55 | rate=29.55 | baseline=0.75
[2026-04-27T22:49:46] GLOBAL_ANOMALY | condition=global_zscore=7.12 | global_rate=29.57 | rate=29.57 | baseline=0.75
[2026-04-27T22:49:46] GLOBAL_ANOMALY | condition=global_zscore=7.13 | global_rate=29.58 | rate=29.58 | baseline=0.75
[2026-04-27T22:49:46] GLOBAL_ANOMALY | condition=global_zscore=7.13 | global_rate=29.60 | rate=29.60 | baseline=0.75
[2026-04-27T22:49:46] GLOBAL_ANOMALY | condition=global_zscore=7.14 | global_rate=29.62 | rate=29.62 | baseline=0.75
[2026-04-27T22:49:46] GLOBAL_ANOMALY | condition=global_zscore=7.14 | global_rate=29.63 | rate=29.63 | baseline=0.75
[2026-04-27T22:49:46] GLOBAL_ANOMALY | condition=global_zscore=7.14 | global_rate=29.65 | rate=29.65 | baseline=0.75
[2026-04-27T22:49:46] GLOBAL_ANOMALY | condition=global_zscore=7.15 | global_rate=29.67 | rate=29.67 | baseline=0.75
[2026-04-27T22:49:46] GLOBAL_ANOMALY | condition=global_zscore=7.15 | global_rate=29.68 | rate=29.68 | baseline=0.75
[2026-04-27T22:49:46] GLOBAL_ANOMALY | condition=global_zscore=7.16 | global_rate=29.70 | rate=29.70 | baseline=0.75
[2026-04-27T22:49:46] GLOBAL_ANOMALY | condition=global_zscore=7.16 | global_rate=29.72 | rate=29.72 | baseline=0.75
[2026-04-27T22:49:46] GLOBAL_ANOMALY | condition=global_zscore=7.17 | global_rate=29.73 | rate=29.73 | baseline=0.75
[2026-04-27T22:49:46] GLOBAL_ANOMALY | condition=global_zscore=7.17 | global_rate=29.75 | rate=29.75 | baseline=0.75
[2026-04-27T22:49:46] GLOBAL_ANOMALY | condition=global_zscore=7.17 | global_rate=29.77 | rate=29.77 | baseline=0.75
[2026-04-27T22:49:46] GLOBAL_ANOMALY | condition=global_zscore=7.18 | global_rate=29.78 | rate=29.78 | baseline=0.75
[2026-04-27T22:49:46] GLOBAL_ANOMALY | condition=global_zscore=7.18 | global_rate=29.80 | rate=29.80 | baseline=0.75
[2026-04-27T22:49:46] GLOBAL_ANOMALY | condition=global_zscore=7.19 | global_rate=29.82 | rate=29.82 | baseline=0.75
[2026-04-27T22:49:46] GLOBAL_ANOMALY | condition=global_zscore=7.19 | global_rate=29.83 | rate=29.83 | baseline=0.75
[2026-04-27T22:49:46] GLOBAL_ANOMALY | condition=global_zscore=7.19 | global_rate=29.85 | rate=29.85 | baseline=0.75
[2026-04-27T22:49:46] GLOBAL_ANOMALY | condition=global_zscore=7.20 | global_rate=29.87 | rate=29.87 | baseline=0.75
[2026-04-27T22:49:46] GLOBAL_ANOMALY | condition=global_zscore=7.20 | global_rate=29.88 | rate=29.88 | baseline=0.75
[2026-04-27T22:49:46] GLOBAL_ANOMALY | condition=global_zscore=7.21 | global_rate=29.90 | rate=29.90 | baseline=0.75
[2026-04-27T22:49:46] GLOBAL_ANOMALY | condition=global_zscore=7.21 | global_rate=29.92 | rate=29.92 | baseline=0.75
[2026-04-27T22:49:46] GLOBAL_ANOMALY | condition=global_zscore=7.21 | global_rate=29.93 | rate=29.93 | baseline=0.75
[2026-04-27T22:49:46] GLOBAL_ANOMALY | condition=global_zscore=7.22 | global_rate=29.95 | rate=29.95 | baseline=0.75
[2026-04-27T22:49:46] GLOBAL_ANOMALY | condition=global_zscore=7.22 | global_rate=29.97 | rate=29.97 | baseline=0.75
[2026-04-27T22:49:46] GLOBAL_ANOMALY | condition=global_zscore=7.23 | global_rate=29.98 | rate=29.98 | baseline=0.75
[2026-04-27T22:49:46] GLOBAL_ANOMALY | condition=global_zscore=7.23 | global_rate=30.00 | rate=30.00 | baseline=0.75
[2026-04-27T22:49:46] GLOBAL_ANOMALY | condition=global_zscore=7.24 | global_rate=30.02 | rate=30.02 | baseline=0.75
[2026-04-27T22:49:46] GLOBAL_ANOMALY | condition=global_zscore=7.24 | global_rate=30.03 | rate=30.03 | baseline=0.75
[2026-04-27T22:49:46] GLOBAL_ANOMALY | condition=global_zscore=7.24 | global_rate=30.05 | rate=30.05 | baseline=0.75
[2026-04-27T22:49:46] GLOBAL_ANOMALY | condition=global_zscore=7.25 | global_rate=30.07 | rate=30.07 | baseline=0.75
[2026-04-27T22:49:46] GLOBAL_ANOMALY | condition=global_zscore=7.25 | global_rate=30.08 | rate=30.08 | baseline=0.75
[2026-04-27T22:49:46] GLOBAL_ANOMALY | condition=global_zscore=7.26 | global_rate=30.10 | rate=30.10 | baseline=0.75
[2026-04-27T22:49:46] GLOBAL_ANOMALY | condition=global_zscore=7.26 | global_rate=30.12 | rate=30.12 | baseline=0.75
[2026-04-27T22:49:46] GLOBAL_ANOMALY | condition=global_zscore=7.26 | global_rate=30.13 | rate=30.13 | baseline=0.75
[2026-04-27T22:49:46] GLOBAL_ANOMALY | condition=global_zscore=7.27 | global_rate=30.15 | rate=30.15 | baseline=0.75
[2026-04-27T22:49:46] GLOBAL_ANOMALY | condition=global_zscore=7.27 | global_rate=30.17 | rate=30.17 | baseline=0.75
[2026-04-27T22:49:46] GLOBAL_ANOMALY | condition=global_zscore=7.28 | global_rate=30.18 | rate=30.18 | baseline=0.75
[2026-04-27T22:49:46] GLOBAL_ANOMALY | condition=global_zscore=7.28 | global_rate=30.20 | rate=30.20 | baseline=0.75
[2026-04-27T22:49:46] GLOBAL_ANOMALY | condition=global_zscore=7.28 | global_rate=30.22 | rate=30.22 | baseline=0.75
[2026-04-27T22:49:46] GLOBAL_ANOMALY | condition=global_zscore=7.29 | global_rate=30.23 | rate=30.23 | baseline=0.75
[2026-04-27T22:49:46] GLOBAL_ANOMALY | condition=global_zscore=7.29 | global_rate=30.25 | rate=30.25 | baseline=0.75
[2026-04-27T22:49:46] GLOBAL_ANOMALY | condition=global_zscore=7.30 | global_rate=30.27 | rate=30.27 | baseline=0.75
[2026-04-27T22:49:46] GLOBAL_ANOMALY | condition=global_zscore=7.30 | global_rate=30.28 | rate=30.28 | baseline=0.75
[2026-04-27T22:49:46] GLOBAL_ANOMALY | condition=global_zscore=7.31 | global_rate=30.30 | rate=30.30 | baseline=0.75
[2026-04-27T22:49:46] GLOBAL_ANOMALY | condition=global_zscore=7.31 | global_rate=30.32 | rate=30.32 | baseline=0.75
[2026-04-27T22:49:46] GLOBAL_ANOMALY | condition=global_zscore=7.31 | global_rate=30.33 | rate=30.33 | baseline=0.75
[2026-04-27T22:49:46] GLOBAL_ANOMALY | condition=global_zscore=7.32 | global_rate=30.35 | rate=30.35 | baseline=0.75
[2026-04-27T22:59:34] UNBAN | 172.18.0.1 | condition=rate=3.77>3.76 | rate=3.77 | baseline=0.75
[2026-04-27T23:22:11] ANOMALY_DETECTED | 92.118.39.86 | condition=zscore=2.24 | rate=0.02>0.00 | error_surge | rate=0.02 | baseline=0.00
[2026-04-27T23:22:11] BAN | 92.118.39.86 | condition=zscore=2.24 | rate=0.02>0.00 | error_surge | rate=0.02 | baseline=0.00 | duration=600s
[2026-04-27T23:22:11] GLOBAL_ANOMALY | condition=global_rate=0.02 | rate=0.02 | baseline=0.00
[2026-04-27T23:31:32] ANOMALY_DETECTED | 89.108.78.213 | condition=rate=0.02>0.01 | rate=0.02 | baseline=0.00
[2026-04-27T23:31:32] BAN | 89.108.78.213 | condition=rate=0.02>0.01 | rate=0.02 | baseline=0.00 | duration=600s
[2026-04-27T23:31:32] GLOBAL_ANOMALY | condition=global_rate=0.02 | rate=0.02 | baseline=0.00
[2026-04-27T23:32:14] UNBAN | 92.118.39.86 | condition=zscore=2.24 | rate=0.02>0.00 | error_surge | rate=0.02 | baseline=0.00
[2026-04-27T23:36:41] ANOMALY_DETECTED | 205.210.31.32 | condition=rate=0.02>0.01 | rate=0.02 | baseline=0.00
[2026-04-27T23:36:41] BAN | 205.210.31.32 | condition=rate=0.02>0.01 | rate=0.02 | baseline=0.00 | duration=600s
[2026-04-27T23:36:41] GLOBAL_ANOMALY | condition=global_rate=0.02 | rate=0.02 | baseline=0.00
[2026-04-27T23:41:34] UNBAN | 89.108.78.213 | condition=rate=0.02>0.01 | rate=0.02 | baseline=0.00
[2026-04-27T23:46:44] UNBAN | 205.210.31.32 | condition=rate=0.02>0.01 | rate=0.02 | baseline=0.00
[2026-04-27T23:48:08] SHUTDOWN | condition=manual
[2026-04-27T23:48:09] STARTUP | condition=system starting
[2026-04-28T00:03:52] SHUTDOWN | condition=manual
[2026-04-28T00:04:02] STARTUP | condition=system starting
[2026-04-28T00:04:33] SHUTDOWN | condition=manual
[2026-04-28T00:04:33] STARTUP | condition=system starting
[2026-04-28T00:13:01] SHUTDOWN | condition=manual
[2026-04-28T00:13:58] STARTUP | condition=system starting
[2026-04-28T00:25:54] SHUTDOWN | condition=manual
[2026-04-28T00:26:06] STARTUP | condition=system starting
[2026-04-28T00:26:09] SHUTDOWN | condition=manual
[2026-04-28T00:26:09] STARTUP | condition=system starting
[2026-04-28T03:45:12] ANOMALY_DETECTED | 71.6.240.152 | condition=zscore=5.39 | rate=0.02>0.00 | rate=0.02 | baseline=0.00
[2026-04-28T03:45:12] BAN | 71.6.240.152 | condition=zscore=5.39 | rate=0.02>0.00 | rate=0.02 | baseline=0.00 | duration=600s
[2026-04-28T03:45:12] GLOBAL_ANOMALY | condition=global_zscore=5.39 | global_rate=0.02 | rate=0.02 | baseline=0.00
[2026-04-28T03:46:17] GLOBAL_ANOMALY | condition=global_zscore=3.74 | global_rate=0.02 | rate=0.02 | baseline=0.00
[2026-04-28T03:55:19] UNBAN | 71.6.240.152 | condition=zscore=5.39 | rate=0.02>0.00 | rate=0.02 | baseline=0.00
[2026-04-28T04:45:13] ANOMALY_DETECTED | 34.180.36.161 | condition=rate=0.02>0.01 | error_surge | rate=0.02 | baseline=0.00
[2026-04-28T04:45:13] BAN | 34.180.36.161 | condition=rate=0.02>0.01 | error_surge | rate=0.02 | baseline=0.00 | duration=600s
[2026-04-28T04:45:13] GLOBAL_ANOMALY | condition=global_rate=0.02 | rate=0.02 | baseline=0.00
[2026-04-28T04:45:13] GLOBAL_ANOMALY | condition=global_rate=0.03 | rate=0.03 | baseline=0.00
[2026-04-28T04:45:13] GLOBAL_ANOMALY | condition=global_zscore=3.16 | global_rate=0.05 | rate=0.05 | baseline=0.00
[2026-04-28T04:45:13] GLOBAL_ANOMALY | condition=global_zscore=4.27 | global_rate=0.07 | rate=0.07 | baseline=0.00
[2026-04-28T04:45:13] GLOBAL_ANOMALY | condition=global_zscore=5.39 | global_rate=0.08 | rate=0.08 | baseline=0.00
[2026-04-28T04:45:13] GLOBAL_ANOMALY | condition=global_zscore=6.50 | global_rate=0.10 | rate=0.10 | baseline=0.00
[2026-04-28T04:45:13] GLOBAL_ANOMALY | condition=global_zscore=7.61 | global_rate=0.12 | rate=0.12 | baseline=0.00
[2026-04-28T04:45:13] GLOBAL_ANOMALY | condition=global_zscore=8.73 | global_rate=0.13 | rate=0.13 | baseline=0.00
[2026-04-28T04:45:13] GLOBAL_ANOMALY | condition=global_zscore=9.84 | global_rate=0.15 | rate=0.15 | baseline=0.00
[2026-04-28T04:45:14] GLOBAL_ANOMALY | condition=global_zscore=10.96 | global_rate=0.17 | rate=0.17 | baseline=0.00
[2026-04-28T04:45:14] GLOBAL_ANOMALY | condition=global_zscore=12.07 | global_rate=0.18 | rate=0.18 | baseline=0.00
[2026-04-28T04:45:14] GLOBAL_ANOMALY | condition=global_zscore=13.18 | global_rate=0.20 | rate=0.20 | baseline=0.00
[2026-04-28T04:45:14] GLOBAL_ANOMALY | condition=global_zscore=14.30 | global_rate=0.22 | rate=0.22 | baseline=0.00
[2026-04-28T04:45:14] GLOBAL_ANOMALY | condition=global_zscore=15.41 | global_rate=0.23 | rate=0.23 | baseline=0.00
[2026-04-28T04:45:14] GLOBAL_ANOMALY | condition=global_zscore=16.53 | global_rate=0.25 | rate=0.25 | baseline=0.00
[2026-04-28T04:45:14] GLOBAL_ANOMALY | condition=global_zscore=17.64 | global_rate=0.27 | rate=0.27 | baseline=0.00
[2026-04-28T04:45:14] GLOBAL_ANOMALY | condition=global_zscore=18.76 | global_rate=0.28 | rate=0.28 | baseline=0.00
[2026-04-28T04:45:14] GLOBAL_ANOMALY | condition=global_zscore=19.87 | global_rate=0.30 | rate=0.30 | baseline=0.00
[2026-04-28T04:45:14] GLOBAL_ANOMALY | condition=global_zscore=20.98 | global_rate=0.32 | rate=0.32 | baseline=0.00
[2026-04-28T04:45:14] GLOBAL_ANOMALY | condition=global_zscore=22.10 | global_rate=0.33 | rate=0.33 | baseline=0.00
[2026-04-28T04:45:14] GLOBAL_ANOMALY | condition=global_zscore=23.21 | global_rate=0.35 | rate=0.35 | baseline=0.00
[2026-04-28T04:45:14] GLOBAL_ANOMALY | condition=global_zscore=24.33 | global_rate=0.37 | rate=0.37 | baseline=0.00
[2026-04-28T04:45:15] GLOBAL_ANOMALY | condition=global_zscore=25.44 | global_rate=0.38 | rate=0.38 | baseline=0.00
[2026-04-28T04:45:15] GLOBAL_ANOMALY | condition=global_zscore=26.55 | global_rate=0.40 | rate=0.40 | baseline=0.00
[2026-04-28T04:45:15] GLOBAL_ANOMALY | condition=global_zscore=27.67 | global_rate=0.42 | rate=0.42 | baseline=0.00
[2026-04-28T04:45:15] GLOBAL_ANOMALY | condition=global_zscore=28.78 | global_rate=0.43 | rate=0.43 | baseline=0.00
[2026-04-28T04:45:15] GLOBAL_ANOMALY | condition=global_zscore=29.90 | global_rate=0.45 | rate=0.45 | baseline=0.00
[2026-04-28T04:45:15] GLOBAL_ANOMALY | condition=global_zscore=31.01 | global_rate=0.47 | rate=0.47 | baseline=0.00
[2026-04-28T04:45:15] GLOBAL_ANOMALY | condition=global_zscore=32.13 | global_rate=0.48 | rate=0.48 | baseline=0.00
[2026-04-28T04:45:15] GLOBAL_ANOMALY | condition=global_zscore=33.24 | global_rate=0.50 | rate=0.50 | baseline=0.00
[2026-04-28T04:45:15] GLOBAL_ANOMALY | condition=global_zscore=34.35 | global_rate=0.52 | rate=0.52 | baseline=0.00
[2026-04-28T04:45:15] GLOBAL_ANOMALY | condition=global_zscore=35.47 | global_rate=0.53 | rate=0.53 | baseline=0.00
[2026-04-28T04:45:15] GLOBAL_ANOMALY | condition=global_zscore=36.58 | global_rate=0.55 | rate=0.55 | baseline=0.00
[2026-04-28T04:45:15] GLOBAL_ANOMALY | condition=global_zscore=37.70 | global_rate=0.57 | rate=0.57 | baseline=0.00
[2026-04-28T04:45:16] GLOBAL_ANOMALY | condition=global_zscore=38.81 | global_rate=0.58 | rate=0.58 | baseline=0.00
[2026-04-28T04:45:16] GLOBAL_ANOMALY | condition=global_zscore=39.92 | global_rate=0.60 | rate=0.60 | baseline=0.00
[2026-04-28T04:45:16] GLOBAL_ANOMALY | condition=global_zscore=41.04 | global_rate=0.62 | rate=0.62 | baseline=0.00
[2026-04-28T04:45:16] GLOBAL_ANOMALY | condition=global_zscore=42.15 | global_rate=0.63 | rate=0.63 | baseline=0.00
[2026-04-28T04:45:16] GLOBAL_ANOMALY | condition=global_zscore=43.27 | global_rate=0.65 | rate=0.65 | baseline=0.00
[2026-04-28T04:45:16] GLOBAL_ANOMALY | condition=global_zscore=44.38 | global_rate=0.67 | rate=0.67 | baseline=0.00
[2026-04-28T04:45:16] GLOBAL_ANOMALY | condition=global_zscore=45.50 | global_rate=0.68 | rate=0.68 | baseline=0.00
[2026-04-28T04:45:16] GLOBAL_ANOMALY | condition=global_zscore=46.61 | global_rate=0.70 | rate=0.70 | baseline=0.00
[2026-04-28T04:45:16] GLOBAL_ANOMALY | condition=global_zscore=47.72 | global_rate=0.72 | rate=0.72 | baseline=0.00
[2026-04-28T04:45:16] GLOBAL_ANOMALY | condition=global_zscore=48.84 | global_rate=0.73 | rate=0.73 | baseline=0.00
[2026-04-28T04:45:16] GLOBAL_ANOMALY | condition=global_zscore=49.95 | global_rate=0.75 | rate=0.75 | baseline=0.00
[2026-04-28T04:45:16] GLOBAL_ANOMALY | condition=global_zscore=51.07 | global_rate=0.77 | rate=0.77 | baseline=0.00
[2026-04-28T04:45:16] GLOBAL_ANOMALY | condition=global_zscore=52.18 | global_rate=0.78 | rate=0.78 | baseline=0.00
[2026-04-28T04:45:16] GLOBAL_ANOMALY | condition=global_zscore=53.29 | global_rate=0.80 | rate=0.80 | baseline=0.00
[2026-04-28T04:45:17] GLOBAL_ANOMALY | condition=global_zscore=54.41 | global_rate=0.82 | rate=0.82 | baseline=0.00
[2026-04-28T04:45:17] GLOBAL_ANOMALY | condition=global_zscore=55.52 | global_rate=0.83 | rate=0.83 | baseline=0.00
[2026-04-28T04:45:17] GLOBAL_ANOMALY | condition=global_zscore=56.64 | global_rate=0.85 | rate=0.85 | baseline=0.00
[2026-04-28T04:45:17] GLOBAL_ANOMALY | condition=global_zscore=57.75 | global_rate=0.87 | rate=0.87 | baseline=0.00
[2026-04-28T04:45:17] GLOBAL_ANOMALY | condition=global_zscore=58.87 | global_rate=0.88 | rate=0.88 | baseline=0.00
[2026-04-28T04:45:17] GLOBAL_ANOMALY | condition=global_zscore=59.98 | global_rate=0.90 | rate=0.90 | baseline=0.00
[2026-04-28T04:45:17] GLOBAL_ANOMALY | condition=global_zscore=61.09 | global_rate=0.92 | rate=0.92 | baseline=0.00
[2026-04-28T04:45:17] GLOBAL_ANOMALY | condition=global_zscore=62.21 | global_rate=0.93 | rate=0.93 | baseline=0.00
[2026-04-28T04:45:17] GLOBAL_ANOMALY | condition=global_zscore=63.32 | global_rate=0.95 | rate=0.95 | baseline=0.00
[2026-04-28T04:45:17] GLOBAL_ANOMALY | condition=global_zscore=64.44 | global_rate=0.97 | rate=0.97 | baseline=0.00
[2026-04-28T04:45:17] GLOBAL_ANOMALY | condition=global_zscore=65.55 | global_rate=0.98 | rate=0.98 | baseline=0.00
[2026-04-28T04:45:17] GLOBAL_ANOMALY | condition=global_zscore=66.66 | global_rate=1.00 | rate=1.00 | baseline=0.00
[2026-04-28T04:45:17] GLOBAL_ANOMALY | condition=global_zscore=67.78 | global_rate=1.02 | rate=1.02 | baseline=0.00
[2026-04-28T04:45:18] GLOBAL_ANOMALY | condition=global_zscore=68.89 | global_rate=1.03 | rate=1.03 | baseline=0.00
[2026-04-28T04:45:18] GLOBAL_ANOMALY | condition=global_zscore=70.01 | global_rate=1.05 | rate=1.05 | baseline=0.00
[2026-04-28T04:45:18] GLOBAL_ANOMALY | condition=global_zscore=71.12 | global_rate=1.07 | rate=1.07 | baseline=0.00
[2026-04-28T04:45:18] GLOBAL_ANOMALY | condition=global_zscore=72.24 | global_rate=1.08 | rate=1.08 | baseline=0.00
[2026-04-28T04:45:18] GLOBAL_ANOMALY | condition=global_zscore=73.35 | global_rate=1.10 | rate=1.10 | baseline=0.00
[2026-04-28T04:45:18] GLOBAL_ANOMALY | condition=global_zscore=74.46 | global_rate=1.12 | rate=1.12 | baseline=0.00
[2026-04-28T04:45:18] GLOBAL_ANOMALY | condition=global_zscore=75.58 | global_rate=1.13 | rate=1.13 | baseline=0.00
[2026-04-28T04:45:18] GLOBAL_ANOMALY | condition=global_zscore=76.69 | global_rate=1.15 | rate=1.15 | baseline=0.00
[2026-04-28T04:45:18] GLOBAL_ANOMALY | condition=global_zscore=77.81 | global_rate=1.17 | rate=1.17 | baseline=0.00
[2026-04-28T04:45:18] GLOBAL_ANOMALY | condition=global_zscore=78.92 | global_rate=1.18 | rate=1.18 | baseline=0.00
[2026-04-28T04:45:18] GLOBAL_ANOMALY | condition=global_zscore=80.03 | global_rate=1.20 | rate=1.20 | baseline=0.00
[2026-04-28T04:45:18] GLOBAL_ANOMALY | condition=global_zscore=81.15 | global_rate=1.22 | rate=1.22 | baseline=0.00
[2026-04-28T04:45:18] GLOBAL_ANOMALY | condition=global_zscore=82.26 | global_rate=1.23 | rate=1.23 | baseline=0.00
[2026-04-28T04:45:18] GLOBAL_ANOMALY | condition=global_zscore=83.38 | global_rate=1.25 | rate=1.25 | baseline=0.00
[2026-04-28T04:45:19] GLOBAL_ANOMALY | condition=global_zscore=84.49 | global_rate=1.27 | rate=1.27 | baseline=0.00
[2026-04-28T04:45:19] GLOBAL_ANOMALY | condition=global_zscore=85.61 | global_rate=1.28 | rate=1.28 | baseline=0.00
[2026-04-28T04:45:19] GLOBAL_ANOMALY | condition=global_zscore=86.72 | global_rate=1.30 | rate=1.30 | baseline=0.00
[2026-04-28T04:45:19] GLOBAL_ANOMALY | condition=global_zscore=87.83 | global_rate=1.32 | rate=1.32 | baseline=0.00
[2026-04-28T04:45:19] GLOBAL_ANOMALY | condition=global_zscore=88.95 | global_rate=1.33 | rate=1.33 | baseline=0.00
[2026-04-28T04:45:19] GLOBAL_ANOMALY | condition=global_zscore=90.06 | global_rate=1.35 | rate=1.35 | baseline=0.00
[2026-04-28T04:45:19] GLOBAL_ANOMALY | condition=global_zscore=91.18 | global_rate=1.37 | rate=1.37 | baseline=0.00
[2026-04-28T04:45:19] GLOBAL_ANOMALY | condition=global_zscore=92.29 | global_rate=1.38 | rate=1.38 | baseline=0.00
[2026-04-28T04:45:19] GLOBAL_ANOMALY | condition=global_zscore=93.40 | global_rate=1.40 | rate=1.40 | baseline=0.00
[2026-04-28T04:45:19] GLOBAL_ANOMALY | condition=global_zscore=94.52 | global_rate=1.42 | rate=1.42 | baseline=0.00
[2026-04-28T04:45:19] GLOBAL_ANOMALY | condition=global_zscore=95.63 | global_rate=1.43 | rate=1.43 | baseline=0.00
[2026-04-28T04:45:19] GLOBAL_ANOMALY | condition=global_zscore=96.75 | global_rate=1.45 | rate=1.45 | baseline=0.00
[2026-04-28T04:45:19] GLOBAL_ANOMALY | condition=global_zscore=97.86 | global_rate=1.47 | rate=1.47 | baseline=0.00
[2026-04-28T04:45:20] GLOBAL_ANOMALY | condition=global_zscore=98.98 | global_rate=1.48 | rate=1.48 | baseline=0.00
[2026-04-28T04:45:20] GLOBAL_ANOMALY | condition=global_zscore=100.09 | global_rate=1.50 | rate=1.50 | baseline=0.00
[2026-04-28T04:45:20] GLOBAL_ANOMALY | condition=global_zscore=101.20 | global_rate=1.52 | rate=1.52 | baseline=0.00
[2026-04-28T04:45:20] GLOBAL_ANOMALY | condition=global_zscore=102.32 | global_rate=1.53 | rate=1.53 | baseline=0.00
[2026-04-28T04:45:20] GLOBAL_ANOMALY | condition=global_zscore=103.43 | global_rate=1.55 | rate=1.55 | baseline=0.00
[2026-04-28T04:45:20] GLOBAL_ANOMALY | condition=global_zscore=104.55 | global_rate=1.57 | rate=1.57 | baseline=0.00
[2026-04-28T04:45:20] GLOBAL_ANOMALY | condition=global_zscore=105.66 | global_rate=1.58 | rate=1.58 | baseline=0.00
[2026-04-28T04:45:20] GLOBAL_ANOMALY | condition=global_zscore=106.77 | global_rate=1.60 | rate=1.60 | baseline=0.00
[2026-04-28T04:45:20] GLOBAL_ANOMALY | condition=global_zscore=107.89 | global_rate=1.62 | rate=1.62 | baseline=0.00
[2026-04-28T04:45:20] GLOBAL_ANOMALY | condition=global_zscore=109.00 | global_rate=1.63 | rate=1.63 | baseline=0.00
[2026-04-28T04:45:20] GLOBAL_ANOMALY | condition=global_zscore=110.12 | global_rate=1.65 | rate=1.65 | baseline=0.00
[2026-04-28T04:45:20] GLOBAL_ANOMALY | condition=global_zscore=111.23 | global_rate=1.67 | rate=1.67 | baseline=0.00
[2026-04-28T04:45:20] GLOBAL_ANOMALY | condition=global_zscore=112.35 | global_rate=1.68 | rate=1.68 | baseline=0.00
[2026-04-28T04:45:21] GLOBAL_ANOMALY | condition=global_zscore=113.46 | global_rate=1.70 | rate=1.70 | baseline=0.00
[2026-04-28T04:45:21] GLOBAL_ANOMALY | condition=global_zscore=114.57 | global_rate=1.72 | rate=1.72 | baseline=0.00
[2026-04-28T04:45:21] GLOBAL_ANOMALY | condition=global_zscore=115.69 | global_rate=1.73 | rate=1.73 | baseline=0.00
[2026-04-28T04:45:21] GLOBAL_ANOMALY | condition=global_zscore=116.80 | global_rate=1.75 | rate=1.75 | baseline=0.00
[2026-04-28T04:45:21] GLOBAL_ANOMALY | condition=global_zscore=117.92 | global_rate=1.77 | rate=1.77 | baseline=0.00
[2026-04-28T04:45:21] GLOBAL_ANOMALY | condition=global_zscore=119.03 | global_rate=1.78 | rate=1.78 | baseline=0.00
[2026-04-28T04:45:21] GLOBAL_ANOMALY | condition=global_zscore=120.14 | global_rate=1.80 | rate=1.80 | baseline=0.00
[2026-04-28T04:45:21] GLOBAL_ANOMALY | condition=global_zscore=121.26 | global_rate=1.82 | rate=1.82 | baseline=0.00
[2026-04-28T04:45:21] GLOBAL_ANOMALY | condition=global_zscore=122.37 | global_rate=1.83 | rate=1.83 | baseline=0.00
[2026-04-28T04:45:21] GLOBAL_ANOMALY | condition=global_zscore=123.49 | global_rate=1.85 | rate=1.85 | baseline=0.00
[2026-04-28T04:45:21] GLOBAL_ANOMALY | condition=global_zscore=124.60 | global_rate=1.87 | rate=1.87 | baseline=0.00
[2026-04-28T04:45:21] GLOBAL_ANOMALY | condition=global_zscore=125.72 | global_rate=1.88 | rate=1.88 | baseline=0.00
[2026-04-28T04:45:22] GLOBAL_ANOMALY | condition=global_zscore=126.83 | global_rate=1.90 | rate=1.90 | baseline=0.00
[2026-04-28T04:45:22] GLOBAL_ANOMALY | condition=global_zscore=127.94 | global_rate=1.92 | rate=1.92 | baseline=0.00
[2026-04-28T04:45:22] GLOBAL_ANOMALY | condition=global_zscore=129.06 | global_rate=1.93 | rate=1.93 | baseline=0.00
[2026-04-28T04:45:22] GLOBAL_ANOMALY | condition=global_zscore=130.17 | global_rate=1.95 | rate=1.95 | baseline=0.00
[2026-04-28T04:45:22] GLOBAL_ANOMALY | condition=global_zscore=131.29 | global_rate=1.97 | rate=1.97 | baseline=0.00
[2026-04-28T04:45:22] GLOBAL_ANOMALY | condition=global_zscore=132.40 | global_rate=1.98 | rate=1.98 | baseline=0.00
[2026-04-28T04:45:22] GLOBAL_ANOMALY | condition=global_zscore=133.51 | global_rate=2.00 | rate=2.00 | baseline=0.00
[2026-04-28T04:45:22] GLOBAL_ANOMALY | condition=global_zscore=134.63 | global_rate=2.02 | rate=2.02 | baseline=0.00
[2026-04-28T04:45:22] GLOBAL_ANOMALY | condition=global_zscore=135.74 | global_rate=2.03 | rate=2.03 | baseline=0.00
[2026-04-28T04:45:22] GLOBAL_ANOMALY | condition=global_zscore=136.86 | global_rate=2.05 | rate=2.05 | baseline=0.00
[2026-04-28T04:45:22] GLOBAL_ANOMALY | condition=global_zscore=137.97 | global_rate=2.07 | rate=2.07 | baseline=0.00
[2026-04-28T04:45:22] GLOBAL_ANOMALY | condition=global_zscore=139.09 | global_rate=2.08 | rate=2.08 | baseline=0.00
[2026-04-28T04:45:22] GLOBAL_ANOMALY | condition=global_zscore=140.20 | global_rate=2.10 | rate=2.10 | baseline=0.00
[2026-04-28T04:45:23] GLOBAL_ANOMALY | condition=global_zscore=141.31 | global_rate=2.12 | rate=2.12 | baseline=0.00
[2026-04-28T04:45:23] GLOBAL_ANOMALY | condition=global_zscore=142.43 | global_rate=2.13 | rate=2.13 | baseline=0.00
[2026-04-28T04:45:23] GLOBAL_ANOMALY | condition=global_zscore=143.54 | global_rate=2.15 | rate=2.15 | baseline=0.00
[2026-04-28T04:45:23] GLOBAL_ANOMALY | condition=global_zscore=144.66 | global_rate=2.17 | rate=2.17 | baseline=0.00
[2026-04-28T04:45:23] GLOBAL_ANOMALY | condition=global_zscore=145.77 | global_rate=2.18 | rate=2.18 | baseline=0.00
[2026-04-28T04:45:23] GLOBAL_ANOMALY | condition=global_zscore=146.89 | global_rate=2.20 | rate=2.20 | baseline=0.00
[2026-04-28T04:45:23] GLOBAL_ANOMALY | condition=global_zscore=148.00 | global_rate=2.22 | rate=2.22 | baseline=0.00
[2026-04-28T04:45:23] GLOBAL_ANOMALY | condition=global_zscore=149.11 | global_rate=2.23 | rate=2.23 | baseline=0.00
[2026-04-28T04:45:23] GLOBAL_ANOMALY | condition=global_zscore=150.23 | global_rate=2.25 | rate=2.25 | baseline=0.00
[2026-04-28T04:45:23] GLOBAL_ANOMALY | condition=global_zscore=151.34 | global_rate=2.27 | rate=2.27 | baseline=0.00
[2026-04-28T04:45:23] GLOBAL_ANOMALY | condition=global_zscore=152.46 | global_rate=2.28 | rate=2.28 | baseline=0.00
[2026-04-28T04:45:23] GLOBAL_ANOMALY | condition=global_zscore=153.57 | global_rate=2.30 | rate=2.30 | baseline=0.00
[2026-04-28T04:45:23] GLOBAL_ANOMALY | condition=global_zscore=154.68 | global_rate=2.32 | rate=2.32 | baseline=0.00
[2026-04-28T04:45:23] GLOBAL_ANOMALY | condition=global_zscore=155.80 | global_rate=2.33 | rate=2.33 | baseline=0.00
[2026-04-28T04:45:24] GLOBAL_ANOMALY | condition=global_zscore=156.91 | global_rate=2.35 | rate=2.35 | baseline=0.00
[2026-04-28T04:45:24] GLOBAL_ANOMALY | condition=global_zscore=158.03 | global_rate=2.37 | rate=2.37 | baseline=0.00
[2026-04-28T04:45:24] GLOBAL_ANOMALY | condition=global_zscore=159.14 | global_rate=2.38 | rate=2.38 | baseline=0.00
[2026-04-28T04:45:24] GLOBAL_ANOMALY | condition=global_zscore=160.26 | global_rate=2.40 | rate=2.40 | baseline=0.00
[2026-04-28T04:45:24] GLOBAL_ANOMALY | condition=global_zscore=161.37 | global_rate=2.42 | rate=2.42 | baseline=0.00
[2026-04-28T04:45:24] GLOBAL_ANOMALY | condition=global_zscore=162.48 | global_rate=2.43 | rate=2.43 | baseline=0.00
[2026-04-28T04:45:24] GLOBAL_ANOMALY | condition=global_zscore=163.60 | global_rate=2.45 | rate=2.45 | baseline=0.00
[2026-04-28T04:45:24] GLOBAL_ANOMALY | condition=global_zscore=164.71 | global_rate=2.47 | rate=2.47 | baseline=0.00
[2026-04-28T04:45:24] GLOBAL_ANOMALY | condition=global_zscore=165.83 | global_rate=2.48 | rate=2.48 | baseline=0.00
[2026-04-28T04:45:24] GLOBAL_ANOMALY | condition=global_zscore=166.94 | global_rate=2.50 | rate=2.50 | baseline=0.00
[2026-04-28T04:45:24] GLOBAL_ANOMALY | condition=global_zscore=168.05 | global_rate=2.52 | rate=2.52 | baseline=0.00
[2026-04-28T04:45:24] GLOBAL_ANOMALY | condition=global_zscore=169.17 | global_rate=2.53 | rate=2.53 | baseline=0.00
[2026-04-28T04:45:24] GLOBAL_ANOMALY | condition=global_zscore=170.28 | global_rate=2.55 | rate=2.55 | baseline=0.00
[2026-04-28T04:45:24] GLOBAL_ANOMALY | condition=global_zscore=171.40 | global_rate=2.57 | rate=2.57 | baseline=0.00
[2026-04-28T04:45:25] GLOBAL_ANOMALY | condition=global_zscore=172.51 | global_rate=2.58 | rate=2.58 | baseline=0.00
[2026-04-28T04:45:25] GLOBAL_ANOMALY | condition=global_zscore=173.63 | global_rate=2.60 | rate=2.60 | baseline=0.00
[2026-04-28T04:45:25] GLOBAL_ANOMALY | condition=global_zscore=174.74 | global_rate=2.62 | rate=2.62 | baseline=0.00
[2026-04-28T04:45:25] GLOBAL_ANOMALY | condition=global_zscore=175.85 | global_rate=2.63 | rate=2.63 | baseline=0.00
[2026-04-28T04:45:25] GLOBAL_ANOMALY | condition=global_zscore=176.97 | global_rate=2.65 | rate=2.65 | baseline=0.00
[2026-04-28T04:45:25] GLOBAL_ANOMALY | condition=global_zscore=178.08 | global_rate=2.67 | rate=2.67 | baseline=0.00
[2026-04-28T04:45:25] GLOBAL_ANOMALY | condition=global_zscore=179.20 | global_rate=2.68 | rate=2.68 | baseline=0.00
[2026-04-28T04:45:25] GLOBAL_ANOMALY | condition=global_zscore=180.31 | global_rate=2.70 | rate=2.70 | baseline=0.00
[2026-04-28T04:45:25] GLOBAL_ANOMALY | condition=global_zscore=181.42 | global_rate=2.72 | rate=2.72 | baseline=0.00
[2026-04-28T04:45:25] GLOBAL_ANOMALY | condition=global_zscore=182.54 | global_rate=2.73 | rate=2.73 | baseline=0.00
[2026-04-28T04:45:25] GLOBAL_ANOMALY | condition=global_zscore=183.65 | global_rate=2.75 | rate=2.75 | baseline=0.00
[2026-04-28T04:45:25] GLOBAL_ANOMALY | condition=global_zscore=184.77 | global_rate=2.77 | rate=2.77 | baseline=0.00
[2026-04-28T04:45:25] GLOBAL_ANOMALY | condition=global_zscore=185.88 | global_rate=2.78 | rate=2.78 | baseline=0.00
[2026-04-28T04:55:19] UNBAN | 34.180.36.161 | condition=rate=0.02>0.01 | error_surge | rate=0.02 | baseline=0.00
[2026-04-28T05:13:37] ANOMALY_DETECTED | 205.210.31.47 | condition=rate=0.02>0.01 | error_surge | rate=0.02 | baseline=0.00
[2026-04-28T05:13:37] BAN | 205.210.31.47 | condition=rate=0.02>0.01 | error_surge | rate=0.02 | baseline=0.00 | duration=600s
[2026-04-28T05:13:37] GLOBAL_ANOMALY | condition=global_zscore=3.20 | global_rate=0.03 | rate=0.03 | baseline=0.00
[2026-04-28T05:23:39] UNBAN | 205.210.31.47 | condition=rate=0.02>0.01 | error_surge | rate=0.02 | baseline=0.00
[2026-04-28T05:26:32] ANOMALY_DETECTED | 24.140.102.210 | condition=rate=0.02>0.01 | error_surge | rate=0.02 | baseline=0.00
[2026-04-28T05:26:32] BAN | 24.140.102.210 | condition=rate=0.02>0.01 | error_surge | rate=0.02 | baseline=0.00 | duration=600s
[2026-04-28T05:26:32] GLOBAL_ANOMALY | condition=global_rate=0.02 | rate=0.02 | baseline=0.00
[2026-04-28T05:36:39] UNBAN | 24.140.102.210 | condition=rate=0.02>0.01 | error_surge | rate=0.02 | baseline=0.00
[2026-04-28T06:20:04] ANOMALY_DETECTED | 80.82.77.202 | condition=zscore=4.36 | rate=0.02>0.00 | rate=0.02 | baseline=0.00
[2026-04-28T06:20:04] BAN | 80.82.77.202 | condition=zscore=4.36 | rate=0.02>0.00 | rate=0.02 | baseline=0.00 | duration=600s
[2026-04-28T06:20:05] GLOBAL_ANOMALY | condition=global_zscore=4.36 | global_rate=0.02 | rate=0.02 | baseline=0.00
[2026-04-28T06:20:05] GLOBAL_ANOMALY | condition=global_zscore=8.95 | global_rate=0.03 | rate=0.03 | baseline=0.00
[2026-04-28T06:20:05] GLOBAL_ANOMALY | condition=global_zscore=13.54 | global_rate=0.05 | rate=0.05 | baseline=0.00
[2026-04-28T06:20:05] GLOBAL_ANOMALY | condition=global_zscore=18.12 | global_rate=0.07 | rate=0.07 | baseline=0.00
[2026-04-28T06:20:05] GLOBAL_ANOMALY | condition=global_zscore=22.71 | global_rate=0.08 | rate=0.08 | baseline=0.00
[2026-04-28T06:30:10] UNBAN | 80.82.77.202 | condition=zscore=4.36 | rate=0.02>0.00 | rate=0.02 | baseline=0.00
[2026-04-28T06:45:00] ANOMALY_DETECTED | 148.135.191.45 | condition=rate=0.02>0.01 | error_surge | rate=0.02 | baseline=0.00
[2026-04-28T06:45:00] BAN | 148.135.191.45 | condition=rate=0.02>0.01 | error_surge | rate=0.02 | baseline=0.00 | duration=600s
[2026-04-28T06:45:00] GLOBAL_ANOMALY | condition=global_rate=0.03 | rate=0.03 | baseline=0.00
[2026-04-28T06:55:00] UNBAN | 148.135.191.45 | condition=rate=0.02>0.01 | error_surge | rate=0.02 | baseline=0.00
[2026-04-28T07:45:46] ANOMALY_DETECTED | 47.250.89.131 | condition=rate=0.03>0.03 | rate=0.03 | baseline=0.01
[2026-04-28T07:45:46] BAN | 47.250.89.131 | condition=rate=0.03>0.03 | rate=0.03 | baseline=0.01 | duration=600s
[2026-04-28T07:45:47] GLOBAL_ANOMALY | condition=global_rate=0.03 | rate=0.03 | baseline=0.01
[2026-04-28T07:55:50] UNBAN | 47.250.89.131 | condition=rate=0.03>0.03 | rate=0.03 | baseline=0.01
[2026-04-28T07:56:42] ANOMALY_DETECTED | 198.235.24.233 | condition=rate=0.02>0.01 | rate=0.02 | baseline=0.00
[2026-04-28T07:56:42] BAN | 198.235.24.233 | condition=rate=0.02>0.01 | rate=0.02 | baseline=0.00 | duration=600s
[2026-04-28T07:56:43] GLOBAL_ANOMALY | condition=global_rate=0.02 | rate=0.02 | baseline=0.00
[2026-04-28T07:57:00] ANOMALY_DETECTED | 172.236.228.227 | condition=rate=0.02>0.01 | rate=0.02 | baseline=0.00
[2026-04-28T07:57:01] BAN | 172.236.228.227 | condition=rate=0.02>0.01 | rate=0.02 | baseline=0.00 | duration=600s
[2026-04-28T07:57:01] GLOBAL_ANOMALY | condition=global_zscore=4.37 | global_rate=0.03 | rate=0.03 | baseline=0.00
[2026-04-28T08:06:50] UNBAN | 198.235.24.233 | condition=rate=0.02>0.01 | rate=0.02 | baseline=0.00
[2026-04-28T08:07:10] UNBAN | 172.236.228.227 | condition=rate=0.02>0.01 | rate=0.02 | baseline=0.00
[2026-04-28T09:13:28] ANOMALY_DETECTED | 45.39.96.222 | condition=zscore=3.61 | rate=0.02>0.00 | error_surge | rate=0.02 | baseline=0.00
[2026-04-28T09:13:28] BAN | 45.39.96.222 | condition=zscore=3.61 | rate=0.02>0.00 | error_surge | rate=0.02 | baseline=0.00 | duration=600s
[2026-04-28T09:13:29] GLOBAL_ANOMALY | condition=global_zscore=7.49 | global_rate=0.03 | rate=0.03 | baseline=0.00
[2026-04-28T09:13:29] GLOBAL_ANOMALY | condition=global_zscore=11.37 | global_rate=0.05 | rate=0.05 | baseline=0.00
[2026-04-28T09:19:52] ANOMALY_DETECTED | 185.242.226.110 | condition=rate=0.02>0.01 | error_surge | rate=0.02 | baseline=0.00
[2026-04-28T09:19:52] BAN | 185.242.226.110 | condition=rate=0.02>0.01 | error_surge | rate=0.02 | baseline=0.00 | duration=600s
[2026-04-28T09:19:52] GLOBAL_ANOMALY | condition=global_rate=0.02 | rate=0.02 | baseline=0.00
[2026-04-28T09:23:30] UNBAN | 45.39.96.222 | condition=zscore=3.61 | rate=0.02>0.00 | error_surge | rate=0.02 | baseline=0.00
[2026-04-28T09:25:21] ANOMALY_DETECTED | 5.61.209.107 | condition=rate=0.02>0.01 | error_surge | rate=0.02 | baseline=0.00
[2026-04-28T09:25:21] BAN | 5.61.209.107 | condition=rate=0.02>0.01 | error_surge | rate=0.02 | baseline=0.00 | duration=600s
[2026-04-28T09:25:21] GLOBAL_ANOMALY | condition=global_rate=0.02 | rate=0.02 | baseline=0.00
[2026-04-28T09:29:06] ANOMALY_DETECTED | 175.110.121.195 | condition=rate=0.02>0.01 | rate=0.02 | baseline=0.00
[2026-04-28T09:29:06] BAN | 175.110.121.195 | condition=rate=0.02>0.01 | rate=0.02 | baseline=0.00 | duration=600s
[2026-04-28T09:29:06] GLOBAL_ANOMALY | condition=global_rate=0.02 | rate=0.02 | baseline=0.00
[2026-04-28T09:30:00] UNBAN | 185.242.226.110 | condition=rate=0.02>0.01 | error_surge | rate=0.02 | baseline=0.00
[2026-04-28T09:35:30] UNBAN | 5.61.209.107 | condition=rate=0.02>0.01 | error_surge | rate=0.02 | baseline=0.00
[2026-04-28T09:39:11] UNBAN | 175.110.121.195 | condition=rate=0.02>0.01 | rate=0.02 | baseline=0.00
[2026-04-28T09:45:25] ANOMALY_DETECTED | 45.156.129.190 | condition=rate=0.02>0.01 | rate=0.02 | baseline=0.00
[2026-04-28T09:45:25] BAN | 45.156.129.190 | condition=rate=0.02>0.01 | rate=0.02 | baseline=0.00 | duration=600s
[2026-04-28T09:45:25] GLOBAL_ANOMALY | condition=global_rate=0.02 | rate=0.02 | baseline=0.00
[2026-04-28T09:55:31] UNBAN | 45.156.129.190 | condition=rate=0.02>0.01 | rate=0.02 | baseline=0.00
[2026-04-28T11:20:40] ANOMALY_DETECTED | 20.81.46.136 | condition=zscore=4.47 | rate=0.02>0.00 | error_surge | rate=0.02 | baseline=0.00
[2026-04-28T11:20:40] BAN | 20.81.46.136 | condition=zscore=4.47 | rate=0.02>0.00 | error_surge | rate=0.02 | baseline=0.00 | duration=600s
[2026-04-28T11:20:40] GLOBAL_ANOMALY | condition=global_zscore=4.47 | global_rate=0.02 | rate=0.02 | baseline=0.00
[2026-04-28T11:30:41] UNBAN | 20.81.46.136 | condition=zscore=4.47 | rate=0.02>0.00 | error_surge | rate=0.02 | baseline=0.00
[2026-04-28T11:34:38] ANOMALY_DETECTED | 93.174.93.12 | condition=zscore=3.74 | rate=0.02>0.00 | error_surge | rate=0.02 | baseline=0.00
[2026-04-28T11:34:38] BAN | 93.174.93.12 | condition=zscore=3.74 | rate=0.02>0.00 | error_surge | rate=0.02 | baseline=0.00 | duration=600s
[2026-04-28T11:34:38] GLOBAL_ANOMALY | condition=global_zscore=3.74 | global_rate=0.02 | rate=0.02 | baseline=0.00
[2026-04-28T11:44:41] UNBAN | 93.174.93.12 | condition=zscore=3.74 | rate=0.02>0.00 | error_surge | rate=0.02 | baseline=0.00
[2026-04-28T11:49:42] ANOMALY_DETECTED | 152.32.245.186 | condition=zscore=3.74 | rate=0.02>0.01 | rate=0.02 | baseline=0.00
[2026-04-28T11:49:42] BAN | 152.32.245.186 | condition=zscore=3.74 | rate=0.02>0.01 | rate=0.02 | baseline=0.00 | duration=600s
[2026-04-28T11:49:42] GLOBAL_ANOMALY | condition=global_zscore=3.74 | global_rate=0.02 | rate=0.02 | baseline=0.00
[2026-04-28T11:49:43] GLOBAL_ANOMALY | condition=global_zscore=7.75 | global_rate=0.03 | rate=0.03 | baseline=0.00
[2026-04-28T11:49:43] GLOBAL_ANOMALY | condition=global_zscore=11.76 | global_rate=0.05 | rate=0.05 | baseline=0.00
[2026-04-28T11:59:51] UNBAN | 152.32.245.186 | condition=zscore=3.74 | rate=0.02>0.01 | rate=0.02 | baseline=0.00
[2026-04-28T12:19:25] ANOMALY_DETECTED | 47.84.141.4 | condition=zscore=4.36 | rate=0.02>0.00 | rate=0.02 | baseline=0.00
[2026-04-28T12:19:25] BAN | 47.84.141.4 | condition=zscore=4.36 | rate=0.02>0.00 | rate=0.02 | baseline=0.00 | duration=600s
[2026-04-28T12:19:25] GLOBAL_ANOMALY | condition=global_zscore=4.36 | global_rate=0.02 | rate=0.02 | baseline=0.00
[2026-04-28T12:19:26] GLOBAL_ANOMALY | condition=global_zscore=8.95 | global_rate=0.03 | rate=0.03 | baseline=0.00
[2026-04-28T12:23:35] ANOMALY_DETECTED | 172.245.157.164 | condition=rate=0.02>0.01 | error_surge | rate=0.02 | baseline=0.00
[2026-04-28T12:23:35] BAN | 172.245.157.164 | condition=rate=0.02>0.01 | error_surge | rate=0.02 | baseline=0.00 | duration=600s
[2026-04-28T12:23:36] GLOBAL_ANOMALY | condition=global_rate=0.02 | rate=0.02 | baseline=0.00
[2026-04-28T12:23:36] GLOBAL_ANOMALY | condition=global_zscore=4.27 | global_rate=0.03 | rate=0.03 | baseline=0.00
[2026-04-28T12:29:31] UNBAN | 47.84.141.4 | condition=zscore=4.36 | rate=0.02>0.00 | rate=0.02 | baseline=0.00
[2026-04-28T12:31:20] ANOMALY_DETECTED | 160.119.76.58 | condition=rate=0.02>0.01 | error_surge | rate=0.02 | baseline=0.00
[2026-04-28T12:31:20] BAN | 160.119.76.58 | condition=rate=0.02>0.01 | error_surge | rate=0.02 | baseline=0.00 | duration=600s
[2026-04-28T12:31:20] GLOBAL_ANOMALY | condition=global_rate=0.02 | rate=0.02 | baseline=0.00
[2026-04-28T12:33:42] UNBAN | 172.245.157.164 | condition=rate=0.02>0.01 | error_surge | rate=0.02 | baseline=0.00
[2026-04-28T12:41:22] UNBAN | 160.119.76.58 | condition=rate=0.02>0.01 | error_surge | rate=0.02 | baseline=0.00
[2026-04-28T13:31:44] ANOMALY_DETECTED | 45.156.128.129 | condition=rate=0.02>0.01 | rate=0.02 | baseline=0.00
[2026-04-28T13:31:44] BAN | 45.156.128.129 | condition=rate=0.02>0.01 | rate=0.02 | baseline=0.00 | duration=600s
[2026-04-28T13:31:44] GLOBAL_ANOMALY | condition=global_rate=0.02 | rate=0.02 | baseline=0.00
[2026-04-28T13:34:50] ANOMALY_DETECTED | 137.184.17.247 | condition=rate=0.02>0.01 | rate=0.02 | baseline=0.00
[2026-04-28T13:34:50] BAN | 137.184.17.247 | condition=rate=0.02>0.01 | rate=0.02 | baseline=0.00 | duration=600s
[2026-04-28T13:34:50] GLOBAL_ANOMALY | condition=global_rate=0.02 | rate=0.02 | baseline=0.00
[2026-04-28T13:34:51] GLOBAL_ANOMALY | condition=global_zscore=4.80 | global_rate=0.03 | rate=0.03 | baseline=0.00
[2026-04-28T13:34:51] GLOBAL_ANOMALY | condition=global_zscore=7.33 | global_rate=0.05 | rate=0.05 | baseline=0.00
[2026-04-28T13:34:51] GLOBAL_ANOMALY | condition=global_zscore=9.85 | global_rate=0.07 | rate=0.07 | baseline=0.00
[2026-04-28T13:34:52] GLOBAL_ANOMALY | condition=global_zscore=12.38 | global_rate=0.08 | rate=0.08 | baseline=0.00
[2026-04-28T13:34:52] GLOBAL_ANOMALY | condition=global_zscore=14.91 | global_rate=0.10 | rate=0.10 | baseline=0.00
[2026-04-28T13:41:52] UNBAN | 45.156.128.129 | condition=rate=0.02>0.01 | rate=0.02 | baseline=0.00
[2026-04-28T13:44:52] UNBAN | 137.184.17.247 | condition=rate=0.02>0.01 | rate=0.02 | baseline=0.00
[2026-04-28T13:52:43] ANOMALY_DETECTED | 172.212.217.10 | condition=rate=0.02>0.01 | error_surge | rate=0.02 | baseline=0.00
[2026-04-28T13:52:43] BAN | 172.212.217.10 | condition=rate=0.02>0.01 | error_surge | rate=0.02 | baseline=0.00 | duration=600s
[2026-04-28T13:52:43] GLOBAL_ANOMALY | condition=global_rate=0.03 | rate=0.03 | baseline=0.00
[2026-04-28T13:52:43] GLOBAL_ANOMALY | condition=global_rate=0.05 | rate=0.05 | baseline=0.00
[2026-04-28T13:52:43] GLOBAL_ANOMALY | condition=global_zscore=3.47 | global_rate=0.07 | rate=0.07 | baseline=0.00
[2026-04-28T13:52:43] GLOBAL_ANOMALY | condition=global_zscore=4.39 | global_rate=0.08 | rate=0.08 | baseline=0.00
[2026-04-28T13:52:43] GLOBAL_ANOMALY | condition=global_zscore=5.31 | global_rate=0.10 | rate=0.10 | baseline=0.00
[2026-04-28T13:52:43] GLOBAL_ANOMALY | condition=global_zscore=6.23 | global_rate=0.12 | rate=0.12 | baseline=0.00
[2026-04-28T13:52:43] GLOBAL_ANOMALY | condition=global_zscore=7.15 | global_rate=0.13 | rate=0.13 | baseline=0.00
[2026-04-28T13:52:43] GLOBAL_ANOMALY | condition=global_zscore=8.07 | global_rate=0.15 | rate=0.15 | baseline=0.00
[2026-04-28T13:52:43] GLOBAL_ANOMALY | condition=global_zscore=9.00 | global_rate=0.17 | rate=0.17 | baseline=0.00
[2026-04-28T13:52:44] GLOBAL_ANOMALY | condition=global_zscore=9.92 | global_rate=0.18 | rate=0.18 | baseline=0.00
[2026-04-28T13:52:44] GLOBAL_ANOMALY | condition=global_zscore=10.84 | global_rate=0.20 | rate=0.20 | baseline=0.00
[2026-04-28T13:52:44] GLOBAL_ANOMALY | condition=global_zscore=11.76 | global_rate=0.22 | rate=0.22 | baseline=0.00
[2026-04-28T13:52:44] GLOBAL_ANOMALY | condition=global_zscore=12.68 | global_rate=0.23 | rate=0.23 | baseline=0.00
[2026-04-28T13:52:44] GLOBAL_ANOMALY | condition=global_zscore=13.60 | global_rate=0.25 | rate=0.25 | baseline=0.00
[2026-04-28T13:52:44] GLOBAL_ANOMALY | condition=global_zscore=14.52 | global_rate=0.27 | rate=0.27 | baseline=0.00
[2026-04-28T13:52:44] GLOBAL_ANOMALY | condition=global_zscore=15.44 | global_rate=0.28 | rate=0.28 | baseline=0.00
[2026-04-28T13:52:44] GLOBAL_ANOMALY | condition=global_zscore=16.36 | global_rate=0.30 | rate=0.30 | baseline=0.00
[2026-04-28T13:52:44] GLOBAL_ANOMALY | condition=global_zscore=17.28 | global_rate=0.32 | rate=0.32 | baseline=0.00
[2026-04-28T13:52:44] GLOBAL_ANOMALY | condition=global_zscore=18.21 | global_rate=0.33 | rate=0.33 | baseline=0.00
[2026-04-28T14:02:52] UNBAN | 172.212.217.10 | condition=rate=0.02>0.01 | error_surge | rate=0.02 | baseline=0.00
[2026-04-28T14:19:47] ANOMALY_DETECTED | 92.112.200.179 | condition=zscore=4.36 | rate=0.02>0.00 | error_surge | rate=0.02 | baseline=0.00
[2026-04-28T14:19:47] BAN | 92.112.200.179 | condition=zscore=4.36 | rate=0.02>0.00 | error_surge | rate=0.02 | baseline=0.00 | duration=600s
[2026-04-28T14:19:47] GLOBAL_ANOMALY | condition=global_zscore=4.36 | global_rate=0.02 | rate=0.02 | baseline=0.00
[2026-04-28T14:19:48] GLOBAL_ANOMALY | condition=global_zscore=8.95 | global_rate=0.03 | rate=0.03 | baseline=0.00
[2026-04-28T14:29:52] UNBAN | 92.112.200.179 | condition=zscore=4.36 | rate=0.02>0.00 | error_surge | rate=0.02 | baseline=0.00
[2026-04-28T14:35:56] ANOMALY_DETECTED | 104.248.255.108 | condition=rate=0.02>0.01 | rate=0.02 | baseline=0.00
[2026-04-28T14:35:56] BAN | 104.248.255.108 | condition=rate=0.02>0.01 | rate=0.02 | baseline=0.00 | duration=600s
[2026-04-28T14:35:56] GLOBAL_ANOMALY | condition=global_rate=0.02 | rate=0.02 | baseline=0.00
[2026-04-28T14:35:56] GLOBAL_ANOMALY | condition=global_zscore=4.80 | global_rate=0.03 | rate=0.03 | baseline=0.00
[2026-04-28T14:46:02] UNBAN | 104.248.255.108 | condition=rate=0.02>0.01 | rate=0.02 | baseline=0.00
[2026-04-28T15:38:17] ANOMALY_DETECTED | 35.224.172.2 | condition=zscore=5.39 | rate=0.02>0.00 | rate=0.02 | baseline=0.00
[2026-04-28T15:38:17] BAN | 35.224.172.2 | condition=zscore=5.39 | rate=0.02>0.00 | rate=0.02 | baseline=0.00 | duration=600s
[2026-04-28T15:38:17] GLOBAL_ANOMALY | condition=global_zscore=5.39 | global_rate=0.02 | rate=0.02 | baseline=0.00
[2026-04-28T15:48:23] UNBAN | 35.224.172.2 | condition=zscore=5.39 | rate=0.02>0.00 | rate=0.02 | baseline=0.00
